RMSE-RNN,RMSE-LM,RMSLE-RNN,RMSLE-LM
0.051518530413134,0.078519516464133,0.04439856,0.07170291
0.031564082248256,0.029613192909448,0.030897625,0.028959999
0.020670870546641,0.034413676083828,0.020434385,0.033120155
0.041968982406166,0.008570458791669,0.040972263,0.0082316175
0.085624292041817,0.013349443558819,0.080470055,0.012127593
0.035762592976363,0.011385824644203,0.034992263,0.010888413
0.000746809312697,0.004414390808833,0.0007465306,0.004404676
0.067684090917468,0.038944006549304,0.059542745,0.032718495
0.012900961561694,0.018266893644274,0.012572492,0.017848708
0.02439449718418,0.085005879847431,0.019353181,0.069125384
0.035142168894094,0.031102508561556,0.029557228,0.026114777
0.000452470962209,0.008830262433479,0.00044996338,0.008744944
0.061733692659997,0.04945516657796,0.047964588,0.038239613
0.013877183395001,0.023716226619046,0.011922434,0.020462483
0.275474008151896,0.303331794693384,0.18433785,0.20502055
0.01231277383185,0.015588924085513,0.011587754,0.0146937445
0.097269833906486,0.107947110196387,0.07327877,0.08165963
0.036604925401144,0.027149275211061,0.031761065,0.023459539
0.014301393151966,0.013460814843979,0.013421476,0.012627613
0.006910271977379,0.015193156711389,0.006149642,0.01365529
0.003790361864123,0.005710407182413,0.00376833,0.00567181
0.021105490310345,0.011867202538647,0.019241892,0.010773741
0.023543752786035,0.016936198192943,0.020815931,0.014930069
0.010912045713533,0.009700801397806,0.0104015395,0.009241607
0.000707074985835,0.012985743860979,0.00062327087,0.011509217
0.017729141145991,0.015594788023909,0.015746519,0.013837665
0.045449941905604,0.047547160425122,0.036929443,0.03866686
0.012287147590661,0.014611862635878,0.011216544,0.013352923
0.014506649210655,0.008799936518334,0.013851799,0.00837978
0.018213853638018,0.031032070585083,0.0150322765,0.02574855
0.015243068226025,0.026910044744975,0.013427421,0.023827925
0.037774994553267,0.048755883181285,0.030596837,0.03966959
0.038421199090182,0.05362981609037,0.031128481,0.043723106
0.018034368538091,0.008983910104137,0.017352208,0.0086064525
0.353853306799693,0.370627964226639,0.22924015,0.24152914
0.454028823112993,0.497048173272737,0.28262648,0.3140618
0.454608380096495,0.495946291537322,0.2830435,0.31324416
0.010487012483955,0.013911224992064,0.009659603,0.01283396
0.011795915544292,0.007308971160131,0.011282835,0.006976042
0.233563241274022,0.236122909224641,0.16178018,0.16370648
0.012935888163688,0.010909222192492,0.012484087,0.01051788
0.008632279782559,0.006620165040985,0.008313466,0.0063694753
0.018740259312647,0.016020551365796,0.01653365,0.014117159
0.017415158843967,0.015064284420454,0.015935205,0.013769224
0.023754626799064,0.026125162475696,0.020101085,0.022129372
0.012833759086841,0.008916121059966,0.01235174,0.008565042
0.010017864582361,0.011278412937026,0.009267405,0.010439627
0.009844414815918,0.010385863418212,0.009021856,0.009520434
0.02096419003609,0.037497059202616,0.017527148,0.03156945
0.023098126449634,0.015162885164572,0.020262815,0.0132552385
1.97021288678835E-05,0.002645574546429,1.9480474E-05,0.0026124343
0.011364430050292,0.014747761223948,0.0101964995,0.013252318
0.00756163524324,0.007042486235046,0.007259153,0.0067590848
0.171701940194473,0.192678447072709,0.12121159,0.13707986
0.016963664078689,0.018974781222113,0.015877355,0.017776508
0.004915883714185,0.000302890314226,0.0048309993,0.0002968982
0.008244797694569,0.009312171407147,0.0077721924,0.008782815
0.004354417401983,0.011909376726753,0.0040674657,0.011164051
0.03014089908427,0.022189885125859,0.026523657,0.019086838
0.011681650091143,0.018967538692721,0.0110678375,0.017713979
0.015430970059429,0.014469148739956,0.015056731,0.014111582
0.00759897389982,0.016290568088057,0.007081203,0.015242536
0.018443364995143,0.014844197792746,0.017407816,0.013986852
0.017569884381945,0.013804971984304,0.01607792,0.0126108825
0.019616216381804,0.011198051457832,0.018307216,0.010409713
0.003670519742721,0.003249178612919,0.003649402,0.0032311608
0.036077395677733,0.0378817316807,0.028756037,0.030216157
0.021079614630608,0.022257529112818,0.019110076,0.020188786
0.184616749083882,0.195705952119489,0.13095152,0.13939103
0.010551277484668,0.006767232092699,0.010171015,0.006511435
0.043905824562893,0.034684806750856,0.03615795,0.028454915
0.016091838209245,0.012843906683449,0.014993228,0.011948876
0.041797742210732,0.05585525954365,0.03339246,0.04487841
0.005598543267184,0.007655156747292,0.0054604094,0.007473793
0.009193435447332,0.005794081881296,0.008901212,0.005600672
0.012512408231653,0.010831840442588,0.0115884915,0.01002419
0.014848694283754,0.013683669503465,0.013570823,0.012499377
0.019215852048402,0.014863334832208,0.017503932,0.013512254
0.014468945583049,0.007701516202171,0.012832239,0.0068098307
0.01029467566966,0.006182365124553,0.009895887,0.005931124
0.015070438437816,0.022342413219565,0.012833908,0.019086108
0.025146544558259,0.036688507337973,0.020813867,0.030514196
0.029085710587706,0.032594755733943,0.024400577,0.027385041
0.019329517856972,0.015228301107496,0.017792098,0.013990529
0.012185028034478,0.00345547119556,0.011785552,0.0033280998
0.012332189994593,0.006204240098097,0.011562701,0.0058004037
0.012132078372554,0.008449926863271,0.011329435,0.007877305
0.015630438908543,0.009717695515738,0.014560185,0.0090273395
0.016025066028111,0.012467742043185,0.014992245,0.011644725
0.014379560923576,0.008821971776914,0.0136414915,0.008347075
0.013243276883041,0.012044545226365,0.0126378015,0.011487279
0.01158386450961,0.014608211718045,0.010456316,0.013204373
0.008266368877901,0.006399933189186,0.0080376845,0.0062172282
0.012390822006404,0.011155687404411,0.011475235,0.010325439
0.01842245475464,0.007079526760567,0.017109193,0.0065402687
0.00262588399951,0.003660327259205,0.0026047942,0.0036290693
0.005401935439704,0.001941747947634,0.005299963,0.0019018613
0.013472572155724,0.00942420206724,0.012305357,0.008591786
0.008795440366438,0.00615376795877,0.008534614,0.005963618
0.011662721806936,0.009977713154802,0.010844022,0.009270012
0.048790738574819,0.053043439961765,0.039089724,0.042570382
0.012022026149161,0.01370240001211,0.011392172,0.012994897
0.01257510483935,0.014208629487381,0.011594132,0.013110146
0.015292488079324,0.010088659837178,0.014243118,0.009373575
0.123784454509115,0.128459213073585,0.09170923,0.09534302
0.052715211936256,0.06482491047195,0.042301312,0.05227679
0.019147165279496,0.022360951029467,0.016895697,0.019759767
0.012035545190662,0.007140014331573,0.01157904,0.0068530105
0.009737136010621,0.005263941346065,0.009474559,0.0051108412
0.014295857295081,0.009180448806802,0.013416246,0.008594878
0.016280975090818,0.012156214441296,0.015406303,0.011480633
0.038380756406378,0.041593968622904,0.031095192,0.03374286
0.013427045110872,0.013915553942769,0.012595732,0.013057001
0.013546034571951,0.008196763675808,0.012708068,0.007670395
0.010877251556471,0.008020393516728,0.010486893,0.0077218935
0.065856159336464,0.073870525849512,0.051251024,0.057671174
0.016344748754601,0.018202729689006,0.014948398,0.016661882
0.007711244695042,0.00355860028255,0.0074958894,0.0034522377
0.00997591035771,0.007417898550039,0.009613708,0.007139746
0.011496819778037,0.007595423647197,0.011057872,0.007291708
0.012197781276836,0.00578037635291,0.011703372,0.0055290125
0.014084316919993,0.010616585538917,0.013053872,0.009824
0.047593667415364,0.034816459194025,0.03811215,0.027736917
0.013512454663666,0.025960889099764,0.012520522,0.024195526
0.016588218845113,0.007622346244936,0.014725685,0.0067395866
0.007336676205742,0.007977882336629,0.0071766283,0.007806301
0.009578593172541,0.003323465644369,0.008777171,0.0030366778
0.003459309214098,0.000769928089506,0.0034093186,0.0007577967
0.012343607644991,0.010766208070043,0.01177419,0.010261808
0.043843299292425,0.05617703434007,0.035055637,0.045142874
0.01254741843076,0.009304765671163,0.012005985,0.008889414
0.013857767165152,0.007201746094909,0.012521781,0.006487876
0.010576415856067,0.011754501712694,0.009908296,0.011018064
0.012372285333778,0.012658677864435,0.0112947,0.011557668
0.017724528522675,0.019252940737107,0.015386492,0.016724452
0.013258404972596,0.012187659867397,0.011905983,0.010939181
0.01566590695004,0.009523682233649,0.014919929,0.0090436265
0.014422748353506,0.009408973038062,0.013682745,0.00890496
0.010669663585669,0.011674210227341,0.009732783,0.010654017
0.013897754164832,0.014855213370004,0.012821458,0.013710849
0.019528001276672,0.015306651390674,0.01723466,0.013483815
0.002719356702703,0.005469416240891,0.002701241,0.0054255784
0.014410018794668,0.010483045241688,0.013623744,0.009892609
0.095111610006246,0.107544988828483,0.071593225,0.08134271
0.007270956338228,0.006276877732239,0.00705011,0.0060832873
0.017861224892977,0.015599287845441,0.01607266,0.014022887
0.015258364194677,0.010793082413669,0.014149763,0.009988144
0.050017833416509,0.051213622262881,0.04009281,0.041071266
0.014637306573901,0.014236949511212,0.013230853,0.012866624
0.007931444579451,0.004842072641561,0.007727951,0.0047107376
0.000490831217596,0.002679046249643,0.00048543327,0.0026454432
0.015929885291597,0.012505151340993,0.014232151,0.01115527
0.011372450702009,0.009198341398026,0.010808725,0.008733332
0.013497948759723,0.013670578537506,0.01256118,0.01272285
0.002240623354926,8.1134960376062E-05,0.002206917,7.9829246E-05
0.015351720107218,0.014490477921886,0.0137120485,0.012937792
0.005958817826746,0.001957129656066,0.005836593,0.0019132309
0.182054611884411,0.192337098475336,0.12901169,0.1368196
0.357457039359207,0.388853557813392,0.23186749,0.2550545
0.008198395480409,0.008930604706635,0.007914308,0.0086242035
0.014561489464564,0.010789126221601,0.013437919,0.009939268
0.013325221885356,0.008155599275245,0.012450609,0.0076018795
0.011777747304093,0.00813297930163,0.011231389,0.0077422
0.013209827358581,0.009209916048337,0.012238383,0.0085167885
0.015506222611737,0.00833841036055,0.014667772,0.007860787
0.013733245527623,0.010066293300137,0.012834307,0.009391233
0.016992017351866,0.014475881978644,0.015188329,0.012924679
0.033447310872291,0.03892539370842,0.027425647,0.03199005
0.013950735414843,0.015080131808888,0.012744889,0.0137838125
0.008005227876268,0.006720487083635,0.007782778,0.0065296497
0.015638649090064,0.011161901326256,0.014567889,0.010375932
0.012830226004061,0.008353803355844,0.012381481,0.008044191
0.01507879815767,0.015891380498283,0.013551809,0.014287345
0.014475978985176,0.013713069464561,0.013477489,0.012762651
0.000962716538653,0.002869177640848,0.00095292926,0.002837331
0.022862493720766,0.021619170692644,0.019534752,0.018462524
0.027141064647848,0.032007947956266,0.022750467,0.02688533
0.009901147245552,0.006944481402977,0.009589724,0.0067164116
0.010226871836552,0.005517512572688,0.009856753,0.0053057596
0.013739742592719,0.012031615044851,0.012732469,0.011140712
0.027426913573203,0.031607090801836,0.02299285,0.026544124
0.021012946783792,0.021625325337835,0.018267363,0.018804759
0.01292430636685,0.008134264327336,0.01243943,0.0078110285
0.010390899949676,0.0087664685478,0.009961065,0.00839727
0.014134876215636,0.013679750124357,0.012979433,0.0125588775
0.005379185081829,0.003895278980395,0.0052567963,0.0038038902
0.012779622997284,0.011638775765022,0.011245154,0.010236129
0.056353897677938,0.061928958559974,0.044522792,0.049037114
0.009986033742775,0.009059190822281,0.009695519,0.00879167
0.081399737557961,0.092260241298926,0.06240727,0.07103619
0.001074508760685,0.00236153225896,0.0010646572,0.002335906
0.000730847022829,0.000403810290678,0.0007228963,0.00039919373
0.022291615546341,0.016214176760623,0.019221425,0.013944283
0.039205060040389,0.05415193755036,0.031773746,0.044158325
0.359219102631172,0.385833748682648,0.23315468,0.2528008
0.012575611682872,0.017889402604925,0.011746068,0.016751107
0.02217521549032,0.019205518360382,0.019594021,0.016947627
0.005347278000285,0.003836156804788,0.0052255336,0.0037460458
0.045965270326453,0.036641493519614,0.037886515,0.030084535
0.015857934663227,0.008385520249768,0.01528468,0.008053277
0.036331758330271,0.03165467143277,0.029826403,0.0259365
0.017587453135366,0.028610139973818,0.0149935335,0.02450642
0.01101678626343,0.011853851197405,0.009941883,0.010701336
0.011470496551527,0.0165700244765,0.010411702,0.015075557
0.007931664741816,0.011868976147251,0.0073620677,0.011036858
0.011886291230651,0.010111402897225,0.0114653185,0.00974492
0.018747836474925,0.015779927631782,0.016415015,0.013798386
0.012305725594093,0.008753720809156,0.0118075535,0.00838501
0.01908002054823,0.008389174993891,0.017070703,0.0074698403
0.013327196179971,0.007690467058575,0.012793969,0.007362779
0.015502274022543,0.016618445696218,0.013444349,0.014419362
0.006578713641363,0.011547371539811,0.0060487464,0.010641515
0.002130385474719,0.00122094901596,0.0020945352,0.0011998657
0.007214937432694,0.004557242661096,0.007042486,0.004442541
0.035400823064333,0.035010545846925,0.029050946,0.028726026
0.144863751418261,0.167105051014134,0.1049093,0.12203738
0.039515659255522,0.057633846105372,0.032029554,0.047065496
0.000933710472134,0.001273772673947,0.00092064124,0.0012545772
0.031325192067444,0.034184768844004,0.025663048,0.02803889
0.016339004346678,0.011627387498316,0.015461642,0.010978445
0.01091508948306,0.009847309425413,0.010404453,0.009381838
0.012718990715583,0.008333563933373,0.011727579,0.007668428
0.048524230364315,0.054800243051328,0.038872004,0.0440118
0.062150866666611,0.082941963218903,0.04829666,0.06498821
0.015749663132114,0.023212804924546,0.013660371,0.02019921
0.001979383609883,0.000271011144512,0.0019493569,0.00026660413
0.015171371391354,0.012742139578799,0.013794228,0.0115726665
0.015982270471522,0.013886734624443,0.014455408,0.012548126
0.013786234113897,0.011027500041181,0.012717918,0.010159984
0.015434347162863,0.014698475569287,0.014109872,0.013432607
0.013373002216657,0.013047233344806,0.012275524,0.011974692
0.01444455961034,0.020860396365322,0.012719534,0.018421479
0.028741478530119,0.034272685576726,0.024108276,0.028815284
0.000172817148306,0.000293416903079,0.00017088931,0.0002900781
0.007244981870983,0.002775320725237,0.007071916,0.002703119
0.050726980774866,0.06318078823435,0.039987057,0.050053567
0.012001536553567,0.010385554114788,0.011546135,0.009983681
0.039760038966224,0.039073988595952,0.032230854,0.031665817
0.001247312858732,0.001326983795479,0.0012300443,0.0013086637
0.01536431918062,0.01953110098782,0.013085827,0.0166644
0.022476360737393,0.023532674191603,0.019711956,0.02064798
0.02397421755927,0.015199452424024,0.02120059,0.0133887455
0.002913840094638,0.005784728676097,0.0028941487,0.005737468
0.281588668369293,0.296001189869828,0.1888411,0.19953641
0.01274657274201,0.015348139940548,0.012041554,0.014517143
0.010511443135085,0.006519142402986,0.010132421,0.0062719733
0.036342218636467,0.034103973861639,0.02983512,0.027971685
0.016145124723506,0.011910259507552,0.014978282,0.011027724
0.049261704880242,0.053726657821029,0.03947459,0.043130696
0.00453568427275,0.004122417379548,0.0044306573,0.0040261466
0.038697704505906,0.027256146237768,0.032212466,0.022579849
0.021268583841259,0.017683238095212,0.01878535,0.015593782
0.010183904324285,0.006357897122334,0.009788882,0.006100036
0.35647233834429,0.366783589537889,0.2311489,0.2386994
0.016359969552758,0.026697874417328,0.01419349,0.023267373
0.025808692319566,0.027722001085741,0.021858364,0.023497999
0.01305066029076,0.016733459905829,0.0117881745,0.015139997
0.018528990299043,0.012049786960035,0.016462803,0.010675237
0.07984906383737,0.095374765343021,0.061181277,0.07352455
0.016080752143798,0.016494117534095,0.014367916,0.014739983
0.018522747211403,0.013568669581104,0.016957305,0.012393676
0.005907568941877,0.003497958181257,0.0057626814,0.0034081563
0.015201844293064,0.006309807365599,0.014427226,0.0059630424
0.028503790654885,0.025682703109717,0.02416873,0.02175048
0.015457443750483,0.011605255193721,0.014270671,0.0106951445
0.024482652159446,0.022721156713326,0.020723566,0.019218102
0.024469248864781,0.016837373692178,0.022576794,0.015480317
0.009827017777611,0.008968867210548,0.0093624145,0.008541334
0.000930120227984,0.003039541678961,0.0009206785,0.0030055512
0.014154121535292,0.013698078593644,0.012635574,0.012225956
0.01305107786389,0.015110045724101,0.011718705,0.013580084
0.014913238788334,0.012998908802132,0.01348196,0.011741154
0.014576155924012,0.008516565171726,0.013681103,0.007970855
0.020000338804134,0.019454747367189,0.017228603,0.016754657
0.011889774353175,0.008937273158412,0.011373125,0.008536823
0.018105998345277,0.010995943113844,0.017022539,0.010303356
0.015616647995266,0.011075012240206,0.014484428,0.01025039
0.008476264620554,0.00723650861422,0.008203981,0.006999839
0.017441302348049,0.019022569214306,0.01513876,0.016522676
0.004507579765978,0.005088324645566,0.0044735824,0.0050484943
0.006065404040155,0.002323001667314,0.0059293937,0.002266759
0.008388582604947,0.005604980464409,0.008157004,0.0054428633
0.010928386977369,0.005369029881312,0.010589939,0.005188741
0.011426200869183,0.005791962090021,0.011075018,0.005598616
0.00983377163798,0.005486151238808,0.009546978,0.005314907
0.002094980350894,0.002451941364761,0.002070263,0.002417582
0.016866217954799,0.010067753619806,0.016072318,0.009562753
0.008756026627041,0.013845495619876,0.00779777,0.012358345
0.004436861705131,0.002144061046032,0.004351044,0.0021002274
0.018115878029465,0.012137442960663,0.016581722,0.011079118
8.50949431329727E-06,0.002098994382451,8.413568E-06,0.00207326
0.009711462936861,0.008517496340584,0.009222768,0.008084286
0.016587972337721,0.032238454141919,0.013681173,0.026763037
0.012783735820965,0.013976160587465,0.012076873,0.013210837
0.01269152761398,0.023392648050316,0.010898218,0.020180464
0.00900148610029,0.01668499395119,0.008359224,0.015550204
0.003501422752976,0.002330929084919,0.003418615,0.002274502
0.00889532274007,0.023524389039789,0.007555276,0.020106032
0.009418859895474,0.013503894158683,0.008710854,0.012512535
0.440683955448683,0.478877837441287,0.27307254,0.30066356
0.002729117895716,0.020669735696939,0.0024673939,0.018840842
0.001785280167037,0.001738177598451,0.0017517563,0.0017054975
0.009377270786131,0.011927120584443,0.008591898,0.010941014
0.030661836128748,0.03495231227661,0.025437415,0.02904901
0.010391086207593,0.026776552207748,0.008831337,0.022917703
0.022821367011051,0.052376195207293,0.01837258,0.042678937
0.00800735124126,0.010310627455626,0.00768869,0.009911295
0.01126039058898,0.026218026617751,0.009478152,0.022208914
0.01777356823674,0.05182178385653,0.014279619,0.042217508
0.009004913070665,0.009042002203882,0.008673895,0.008709777
0.006245769420723,0.01187656846323,0.0057926998,0.011043958
0.103480607533694,0.133438974926232,0.076078,0.0992285
0.026835724768705,0.049278870546454,0.021944389,0.040674
0.010474320633073,0.008640479197321,0.010041434,0.008276086
0.010199038487091,0.002986239215923,0.009969821,0.0029088482
0.015095382727594,0.013915836809917,0.0131958425,0.012158424
0.014312811243351,0.013718493099505,0.01307784,0.012531392
0.0174014715309,0.019202381249024,0.015103921,0.016680166
0.044590682808413,0.066709115284158,0.03506407,0.052924052
0.011583872046945,0.018124155427467,0.010770306,0.016902886
0.003127887913437,0.017265938458251,0.0027960837,0.015532799
0.005433928300154,0.002068327771302,0.0052880645,0.0020095129
0.006991114459552,0.009693924498399,0.0065864697,0.009144515
0.006127051928431,0.008544139741116,0.005728036,0.007996768
0.052652746177373,0.075838358366216,0.04076311,0.059253886
0.0055306200714,0.006001228404542,0.005393984,0.0058543123
0.012491092078292,0.007871005479907,0.011878256,0.00746838
0.007151380060578,0.015085116034077,0.006229773,0.0131867975
0.001642853006214,0.002000587103819,0.0016231071,0.001972991
0.065750449625307,0.085678637291441,0.05010304,0.065798074
0.006616130536724,0.040871322338887,0.0055580735,0.03483981
0.007527831946798,0.010618709191349,0.0071415976,0.010088719
0.008282944680457,0.015570148941095,0.0075854138,0.014306851
0.018567178311459,0.01256499436599,0.017649412,0.011909768
0.016293086028426,0.009922519262467,0.015182167,0.009218492
0.020307823849897,0.028326943254321,0.016973704,0.0237564
0.760180872237106,0.758042683987363,0.56356573,0.5614389
0.307942270140171,0.307751326606147,0.26838836,0.2681975
0.544543692229105,0.543937861119295,0.4340817,0.43347716
0.59536588534583,0.593744152441844,0.46642432,0.46480685
0.175284520957788,0.175235839927764,0.16150115,0.16145247
0.098565905133294,0.098546004099919,0.09400372,0.09398382
0.175259143254121,0.175191967059358,0.16147578,0.16140862
0.389438276093906,0.389045152698751,0.3287401,0.32834727
0.487766620279493,0.487004281142685,0.39692882,0.39616755
0.039893332886297,0.039887804039863,0.039117724,0.039112195
0.073771133955881,0.073758110650051,0.07117591,0.07116289
0.363265457630427,0.363150809055316,0.30971462,0.30960006
0.050778455382257,0.050769440029579,0.049530853,0.049521837
0.649800648746947,0.648776896255472,0.4994403,0.4984202
0.015955553996134,0.015951787787191,0.015829505,0.01582574
0.985031726297169,0.980569112436044,0.6782898,0.6739027
0.851625142724425,0.847864925171132,0.6133009,0.60957026
0.97283238420957,0.961624396225415,0.666342,0.6554896
0.664567463684344,0.663012493487635,0.5083314,0.5067824
0.864979553587388,0.867307774906327,0.5664965,0.5685499
0.186151493171827,0.186084270251857,0.1707033,0.17063609
0.957553394113736,0.955336740502561,0.6515767,0.64945257
0.66476410098433,0.66297138556128,0.5085274,0.50674146
0.21475847459243,0.214691836661748,0.19452575,0.19445911
0.416858678523976,0.41650027489281,0.348213,0.34785488
0.371961542686074,0.371598191981336,0.31611198,0.31574887
0.521228027200807,0.520441161964555,0.41904265,0.41825724
0.116205043002107,0.116173313365413,0.10993187,0.10990013
0.509752383005317,0.50903718429948,0.41148654,0.4107726
0.498684314379597,0.497893036663369,0.4041991,0.40340903
0.988723505149833,0.984879379632621,0.6819338,0.67813975
0.346829320288311,0.346713813928827,0.29763854,0.29752308
0.116191698132647,0.116176499946182,0.10991852,0.10990333
0.871115508898297,0.868593982710913,0.62339574,0.6208944
0.557042963619046,0.555857646454237,0.442211,0.44102836
0.986767601078495,0.980662991557916,0.68000156,0.6739948
0.986894320394887,0.982497286319625,0.6801266,0.6757959
0.085932753171737,0.085911318735613,0.082438126,0.08241669
0.845233672409971,0.849698607921773,0.5492492,0.55312324
0.809884078419904,0.827161804595632,0.51909643,0.5337205
0.816028964096617,0.831780839229651,0.5242731,0.5376667
0.657508188929165,0.683921343101087,0.39861974,0.41849056
0.293069567817432,0.293149981074761,0.25691393,0.2569943
0.102843975666741,0.10285656229769,0.09788603,0.09789862
0.877415762278734,0.879235676381677,0.5775138,0.57913625
0.065907806036936,0.065911391601217,0.06382554,0.063829124
0.065912447804143,0.065904623022839,0.06383018,0.06382236
0.520925415164339,0.520456737424347,0.41874054,0.4182727
0.330962424235727,0.330556184731792,0.2858332,0.28542712
0.794558805364839,0.792377834290326,0.58225423,0.5800879
0.069817976239061,0.069807714232289,0.067487575,0.067477316
0.265326528593926,0.265260965871152,0.23527455,0.23520899
0.315420121086249,0.31524670611044,0.2740737,0.27390036
0.851114977912762,0.84826915749914,0.612794,0.6099706
0.58210927965048,0.580974105248057,0.45804498,0.45691267
0.426424083679256,0.426077328551907,0.3549359,0.3545895
0.077772639312174,0.077760286182022,0.074895434,0.07488309
0.913056953500543,0.916098129363493,0.6097779,0.6125798
0.226827992069704,0.22675186497711,0.20440844,0.20433232
0.175266609228921,0.175229951162362,0.16148324,0.16144659
0.208848151257488,0.208802197277837,0.18964791,0.18960197
0.581729349782125,0.580903182593604,0.45766586,0.45684195
0.154473005037086,0.154431013155935,0.14363731,0.14359532
0.019260624464815,0.019254397918701,0.01907742,0.019071193
0.226848561464629,0.226762937804924,0.20442899,0.20434338
0.186106460403066,0.186099033953313,0.17065829,0.17065087
0.346883923183832,0.346643838237789,0.29769313,0.29745317
0.252121595494931,0.252047144181127,0.22480394,0.2247295
0.984048062482397,0.983028399067913,0.67732114,0.676318
0.398399201590722,0.398070633977487,0.33514506,0.33481672
0.904412511431196,0.908391789354805,0.6018564,0.60549515
0.06591649936875,0.065904290934821,0.063834235,0.06382202
0.977302027115924,0.974504423128506,0.67629486,0.6735318
0.252125954308924,0.252042710102242,0.22480828,0.22472507
0.98311234283545,0.980177573931838,0.6764005,0.67351866
0.036355461902337,0.03634954226242,0.03570995,0.03570403
0.265466306067809,0.265251008581029,0.2354143,0.23519905
0.346745100700459,0.346600805630218,0.29755437,0.29741016
0.355086655718869,0.354837737845079,0.3037544,0.3035056
0.48779306039437,0.486992149043982,0.39695522,0.39615548
0.08182506250034,0.081814422601588,0.078648224,0.078637585
0.72679306801811,0.724656507085118,0.54468757,0.5425613
0.933617531700974,0.930706203343208,0.6552677,0.6523854
0.812516762487189,0.811098503932201,0.5918882,0.59047985
0.307890440663242,0.3077644359029,0.26833656,0.2682106
0.67587863903925,0.688425308375863,0.4123981,0.42191872
0.054493844355754,0.054486962891741,0.053060394,0.053053513
0.208816112982017,0.208767876830404,0.18961588,0.18956767
0.220716729209017,0.220677804760402,0.19941132,0.1993724
0.25211713317339,0.252031654125819,0.22479947,0.224714
0.220760658664583,0.220678091739394,0.19945523,0.19937268
0.149443611015682,0.14941641861797,0.13927063,0.13924344
0.116207643670598,0.116169609606986,0.109934464,0.10989643
0.398265839043236,0.398080535004552,0.33501178,0.33482662
0.019259551587079,0.019253969391785,0.019076347,0.019070765
0.272215989458059,0.27212572156559,0.24072003,0.24062976
0.272210118506924,0.272045844758545,0.24071416,0.24054994
0.330810400480681,0.330735685879992,0.28568122,0.28560653
0.022598249859131,0.022594172063637,0.022346549,0.022342471
0.24566647357822,0.24554171028495,0.21964239,0.21951766
0.980713194509226,0.97806083176216,0.67404395,0.6714452
0.154460162666689,0.15443862970511,0.14362447,0.14360294
0.300549802039549,0.300432262833692,0.26272547,0.26260796
0.239279765464878,0.239173025561465,0.21450225,0.21439554
0.942787581567462,0.939625206808636,0.6375115,0.63452476
0.983461622312634,0.978598889978911,0.67674404,0.67197186
0.557295805181901,0.555551956747902,0.4424635,0.44072354
0.081828334723767,0.081810899377513,0.078651495,0.07863406
0.019256816989652,0.019253304287031,0.019073613,0.0190701
0.203048187184103,0.202961351422791,0.1848415,0.18475468
0.169947951058951,0.169912546274463,0.15694782,0.15691243
0.989298993804044,0.983706413767308,0.68250304,0.6769849
0.20304196751393,0.202994524792652,0.18483528,0.18478785
0.197279391422155,0.197256937874352,0.1800285,0.18000604
0.065917329431895,0.065906548393799,0.06383506,0.06382428
0.973182198981699,0.965686198643951,0.66668266,0.6594089
0.330841186906257,0.330615311897121,0.28571197,0.28548622
0.015956713141874,0.015952302284246,0.015830664,0.015826253
0.065908738655676,0.065903418312585,0.06382647,0.06382115
0.069815688512504,0.069804065303453,0.06748529,0.067473665
0.081822350723856,0.08181092783712,0.07864552,0.07863409
0.265404020279645,0.265294247753153,0.23535201,0.23524226
0.983548953102,0.980064764802198,0.67682993,0.67340803
0.279100869500252,0.278925174851109,0.24610747,0.24593186
0.498689707861953,0.497935742713774,0.4042045,0.40345168
0.307922357232176,0.307729658123124,0.26836848,0.26817584
0.125376120587035,0.125355973610395,0.118113175,0.11809302
0.982559922456075,0.979000344591012,0.6758574,0.67236495
0.102877675402327,0.102865738701267,0.09791973,0.097907804
0.398325586496356,0.397972022029275,0.3350715,0.33471826
0.208835200965156,0.208785532893865,0.18963496,0.18958531
0.330905194133054,0.33067389900011,0.285776,0.2855448
0.622139631927462,0.62065536094384,0.48288688,0.48140708
0.416834745679769,0.416442419345683,0.34818906,0.34779713
0.134807932473907,0.134777918545143,0.12645856,0.12642854
0.149453401061789,0.149416967126874,0.13928042,0.13924399
0.330792280868234,0.33067941917275,0.28566313,0.2855503
0.300482390912888,0.30033478484498,0.26265806,0.26251054
0.532611560686896,0.532092464247194,0.42636308,0.42584503
0.16469541017656,0.164678393950061,0.15244703,0.15243001
0.954029310881786,0.952600428575815,0.6482019,0.64683664
0.029395368039777,0.029391580731409,0.028971387,0.0289676
0.426269863342645,0.426127231962447,0.3547818,0.3546393
0.279096304628407,0.278970006926884,0.24610293,0.24597666
0.620140784107524,0.643617085744356,0.37116572,0.38832566
0.981665621650627,0.979292205446399,0.67497885,0.6726509
0.38938634944681,0.389132413748784,0.3286882,0.32843447
4.63607793972256E-06,7.82017541039122E-06,4.636067E-06,7.820145E-06
0.466450119511314,0.46584844604242,0.38252696,0.3819261
0.139611305955663,0.139590291275667,0.13068071,0.13065968
0.245629622255761,0.245559976357502,0.21960555,0.21953592
0.476808906389626,0.476505635730563,0.38949043,0.38918757
0.919820014513895,0.918381585972552,0.6160195,0.61468875
0.846841798814237,0.855319632854832,0.5506428,0.5580217
0.054489986057318,0.054486892384818,0.053056534,0.053053442
0.520353913592183,0.533456930601089,0.30134425,0.31023923
0.29326742841845,0.293136180082917,0.25711173,0.25698054
0.220742433136395,0.220646454278562,0.19943702,0.19934104
0.125368060699159,0.125349747599168,0.11810511,0.118086785
0.272169086740071,0.272043790708961,0.24067311,0.24054787
0.164696501552824,0.164682550618322,0.1524481,0.15243417
0.214715928287478,0.214684713628753,0.1944832,0.19445199
0.446058936021594,0.445539032052522,0.3685742,0.36805487
0.986025501319938,0.984910304734648,0.67926943,0.67817026
0.338789400522562,0.338605433351818,0.29166543,0.29148155
0.019257446457506,0.019253408589068,0.019074243,0.019070204
0.239243121571952,0.239201706516476,0.21446562,0.21442421
0.065914496577616,0.065905905432137,0.06383223,0.06382364
0.42630794740938,0.426025443090747,0.35481986,0.35453767
0.239258038267691,0.239164069359053,0.21448053,0.2143866
0.725052649131919,0.724257350250964,0.54295516,0.5421645
0.87075556190285,0.868649187344954,0.6230383,0.62094903
0.03635529859277,0.036344904511024,0.035709787,0.035699394
0.058250098986347,0.058242589976675,0.05661587,0.05660836
0.265372043663229,0.265250418715726,0.23532005,0.23519845
0.831413326136532,0.829524028069061,0.60211796,0.6002428
0.621210818983632,0.620824335553638,0.48196056,0.4815754
0.081823386502187,0.08180609240786,0.07864655,0.078629255
0.094292007706251,0.094278327062713,0.09010525,0.09009157
0.300501854670255,0.300367293425275,0.26267755,0.26254302
0.521138308563085,0.520441534177671,0.41895306,0.41825756
0.979941906666867,0.976221986532334,0.67328763,0.66964746
0.025976376470101,0.025973555159551,0.025644524,0.025641702
0.961133363192981,0.961260082405302,0.65501684,0.6551388
0.649519809918557,0.6489095693017,0.49916035,0.49855235
0.986940311012616,0.983191611427546,0.6801721,0.6764785
0.830320435106682,0.842866434953561,0.5364173,0.5472013
0.214704841443671,0.214687507343431,0.19447212,0.19445479
0.532634305941171,0.531985587066436,0.4263858,0.4257384
0.93299639117697,0.930229830235402,0.6546521,0.6519146
0.081822262511359,0.081805460564913,0.07864542,0.07862862
0.933611083568086,0.92992199416802,0.65526134,0.65161043
0.742078351477626,0.740819171609963,0.5528648,0.5516129
0.416767426069818,0.416541970985553,0.3481218,0.34789655
0.380566685035061,0.380318281745688,0.32233575,0.3220875
0.24559435051387,0.245526401541333,0.21957028,0.21950236
0.058250420750866,0.058244075066562,0.05661619,0.056609847
0.557135940493978,0.556105319505962,0.44230387,0.44127533
0.085919261752678,0.085913776786262,0.08242463,0.08241915
0.455966083161422,0.455587650306646,0.37531963,0.3749417
0.090084949435058,0.090070836590365,0.08625387,0.08623975
0.608280886932429,0.607429872319113,0.47428003,0.47343132
0.279058901901373,0.278933642348535,0.24606553,0.24594031
0.95574509748578,0.951640082392747,0.6663008,0.66224146
0.9326952836657,0.930240626840751,0.62801063,0.62571347
0.984653221654776,0.982823496455305,0.677917,0.6761165
0.989808210955817,0.985133469247878,0.68300694,0.6783901
0.164708540140643,0.164677992416005,0.15246014,0.15242961
0.116198002071284,0.116180756600736,0.10992482,0.109907575
0.279080367034301,0.278969379300843,0.24608698,0.24597605
0.98086637056166,0.976449425826733,0.67419434,0.66986966
0.97487687164843,0.97145591727904,0.6683344,0.66500294
0.649753865994103,0.648864858047982,0.49939364,0.4985078
0.371931856280844,0.371576958319665,0.3160823,0.31572768
0.398286678715699,0.39811375498798,0.3350326,0.33485985
0.279061318146188,0.278991131728752,0.24606794,0.24599779
0.338724287612687,0.338573636477277,0.29160035,0.2914498
0.315363708776285,0.315309613879089,0.2740173,0.2739632
0.532530419640425,0.532024968316053,0.4262821,0.4257777
0.812522997897459,0.811188225767359,0.5918944,0.5905689
0.975934979047399,0.971618773118127,0.6693672,0.6651612
0.073762908645347,0.073758861935712,0.071167685,0.07116364
0.985239255041708,0.982929409575699,0.67849433,0.67622066
0.72600525847283,0.724526207770399,0.543903,0.5424318
0.581847373027924,0.580885713515002,0.4577836,0.45682454
0.53254650893399,0.532147238883415,0.42629814,0.42589965
0.877541665286244,0.88087300968825,0.57762593,0.5805983
0.60437737824407,0.635192398975762,0.35980654,0.38213372
0.169948784023889,0.169934140782127,0.15694866,0.15693401
0.058252081507168,0.058245252318179,0.056617852,0.056611024
0.977752144042834,0.975278788836211,0.67674017,0.67429584
0.272166965183013,0.272046241873009,0.240671,0.24055031
0.985112141310721,0.98097134053269,0.67836905,0.6742973
0.870062350033964,0.867886235995814,0.6223503,0.62019336
0.532410979911625,0.531883226996693,0.42616287,0.42563632
0.077771262182051,0.077761708418871,0.074894056,0.074884504
0.841479708582752,0.840540397385784,0.5460036,0.54519314
0.621472369257294,0.620834824434406,0.48222134,0.48158586
0.81250627221841,0.810093212710094,0.59187776,0.58948284
0.398402511706009,0.398031420496595,0.33514836,0.33477756
0.498366653405978,0.497931298701983,0.40388185,0.4034472
0.96204173213867,0.960463988709831,0.6558916,0.65437275
0.466253610934473,0.465824774954672,0.3823307,0.38190246
0.330790163657954,0.330605508810291,0.285661,0.28547645
0.525717367794794,0.54113352348222,0.3049757,0.31548744
0.154454621426902,0.154439208619852,0.14361893,0.14360352
0.776306111554471,0.774844306257894,0.57200533,0.57055306
0.279085252524203,0.278987526471219,0.24609187,0.24599417
0.759138422090593,0.757944390529296,0.5625282,0.5613413
0.307860493186163,0.30774879667758,0.2683066,0.26819497
0.120750629465613,0.120736001299597,0.11399429,0.113979675
0.456185005732024,0.455692171684222,0.37553835,0.37504607
0.435998998426459,0.435640966404668,0.36156586,0.36120823
0.39833892276,0.397999709969084,0.3350848,0.3347459
0.208845493480615,0.208781179238239,0.18964526,0.18958096
0.649984238506836,0.648909385594582,0.49962336,0.49855217
0.111698129724996,0.111677825207709,0.105885305,0.105865
0.197310537003452,0.197274717744566,0.18005964,0.18002382
0.265360153218664,0.265277537119148,0.23530816,0.23522554
0.032850835111165,0.032848969271,0.032322414,0.032320548
0.621723527528057,0.620572621266344,0.4824718,0.4813246
0.01269147257778,0.012687851703416,0.012611544,0.012607923
0.039893675769194,0.039889269134764,0.039118066,0.03911366
0.032852615799954,0.032847053706599,0.032324195,0.032318633
0.029394788835987,0.029390292440261,0.028970808,0.028966311
0.130045802880483,0.13003773878529,0.12225208,0.12224402
0.476852625725697,0.476397094788729,0.3895341,0.3890792
0.354967959260971,0.354803468844295,0.30363575,0.30347136
0.134793534360511,0.134777027145344,0.12644416,0.12642765
0.91045355136507,0.908710133125393,0.6427561,0.6410309
0.169942470924682,0.169918761827736,0.15694234,0.15691864
0.679265910973507,0.677674238631594,0.5169289,0.5153441
0.239238964039039,0.239173469468861,0.21446146,0.21439599
0.726214171558299,0.725090627925218,0.544111,0.54299295
0.27906187881879,0.278976763832703,0.2460685,0.24598344
0.809706801814197,0.825226082312793,0.51894754,0.5320715
0.355011530675465,0.354832467521721,0.30367932,0.30350035
0.315378249849047,0.315255190647752,0.27403185,0.27390885
0.911334637922355,0.908513432476401,0.6436291,0.6408364
0.742762132348476,0.741243022480589,0.55354524,0.55203414
0.984762720923131,0.981130429897672,0.6780248,0.67445344
0.077768453958542,0.077755330606201,0.07489125,0.07487813
0.776463148796257,0.775141832232595,0.57216144,0.57084846
0.986875778594142,0.983586131483756,0.6801083,0.67686653
0.069812423536751,0.069808341268497,0.067482024,0.06747794
0.245612574753242,0.245526060156091,0.2195885,0.21950202
0.936081353342502,0.934405496667345,0.6311883,0.6296143
0.986769020569917,0.984977235192134,0.680003,0.6782361
0.081817410677575,0.081811912533419,0.07864057,0.078635074
0.581970877364471,0.580941428037335,0.45790684,0.45688012
0.330757649264039,0.330657901244605,0.2856285,0.28552878
0.635556335941508,0.634476534229914,0.49085435,0.48977825
0.977545373307473,0.974436222817672,0.67094094,0.6679047
0.252097642836584,0.252031299380577,0.22478,0.22471367
0.416938760448181,0.4164809011566,0.348293,0.34783554
0.006272728566965,0.006268302433209,0.0062531102,0.0062486837
0.169948323701665,0.169914749697669,0.15694821,0.15691464
0.214721592940529,0.214675664172906,0.19448887,0.19444294
0.971242651107656,0.968789469007197,0.6647956,0.66241384
0.130045580873899,0.130028743076613,0.12225186,0.122235015
0.569086141079521,0.568655611946296,0.44972318,0.44929367
0.959431872095586,0.958993262970364,0.65338033,0.6529589
0.776734463170755,0.775117456087861,0.57243127,0.57082427
0.134801763029165,0.134768796966375,0.12645239,0.12641943
0.315410223676285,0.315237110508958,0.2740638,0.27389076
0.154460030016916,0.15442675544378,0.14362434,0.14359106
0.2392350166516,0.239173531771588,0.21445751,0.21439604
0.870138217316538,0.868374364588823,0.62242556,0.6206768
0.069813177262789,0.069802307478981,0.06748278,0.067471914
0.329836277138445,0.332669642955109,0.20928696,0.21128875
0.052471339351305,0.025541425115992,0.039680123,0.01951179
0.18015876420873,0.147500904300714,0.14877796,0.12339959
0.052515655837778,0.038412868782323,0.039712965,0.029202223
0.226346208655152,0.179600839864226,0.19521129,0.15789944
0.195679101211815,0.168713090312742,0.16438119,0.1432709
0.533557285163153,0.592377833877807,0.31030765,0.3512453
0.208415773094351,0.170588255452244,0.17779386,0.14778435
0.233685257380851,0.193079543643564,0.20422733,0.17160298
0.052017659515219,0.039483815769365,0.039343685,0.030004263
0.001414179796917,0.025511532852849,0.0010353029,0.018843383
0.53386878637129,0.597672231622578,0.31052005,0.3550136
0.16369582822594,0.124827250678257,0.13248321,0.10257788
0.53565888572522,0.593552230222335,0.3117418,0.35208
0.163161443032208,0.122790648849705,0.13207808,0.10098599
0.183998908746505,0.150898157514983,0.15172029,0.12606981
0.177104388883226,0.199712160972617,0.11906427,0.13533661
0.160939499463003,0.125631999679582,0.13039172,0.1032062
0.194999338861103,0.164786009370902,0.16385446,0.14015906
0.193893196656388,0.166355939880345,0.16299678,0.14140424
0.325810249099113,0.351186636167904,0.20644942,0.22447073
0.197504371220466,0.15905302660298,0.16579412,0.1355988
0.177927289793774,0.198819667658775,0.11965194,0.13468918
0.32878601386429,0.358921864144611,0.20854595,0.23002923
0.195852306179062,0.159962892112853,0.16451536,0.13632391
0.000388443465428,0.018581270950927,0.00028425455,0.013689309
0.05365607103594,0.028938770164548,0.0405581,0.022078663
0.003042608493543,0.023927361329122,0.0022287667,0.017662883
0.098644628855627,0.071571691268467,0.07654625,0.056114793
0.231322855684868,0.190345305307285,0.20235816,0.16936745
0.00117865204472,0.016853153785597,0.00086277723,0.012408227
0.051467388839331,0.031406224432266,0.038935483,0.023938805
0.533410894694738,0.597692301541717,0.31020784,0.35502797
0.076778202527585,0.103214798468524,0.05412987,0.07346752
0.196603238913219,0.16100704602445,0.1650968,0.13715544
0.074385195987914,0.092705727011052,0.052397758,0.06573558
0.233819350572824,0.19254222790652,0.20734413,0.17372756
0.221751524926977,0.190484689447699,0.19160494,0.16671202
0.1786324062714,0.197172756807668,0.12015578,0.13349557
0.536293380956652,0.601674032399573,0.3121752,0.35787138
0.533141723003818,0.601282599590439,0.31002432,0.35759148
0.181341139717912,0.144557325485364,0.14968485,0.1210802
0.330819127721103,0.35245901873968,0.2099809,0.22538295
0.205944058700223,0.170556871494297,0.17586026,0.14775908
0.001624733176537,0.016238450708232,0.0011895299,0.011952937
0.000886112439024,0.024832576369777,0.00064858794,0.01833728
0.074916660800637,0.0981294515991,0.052782178,0.06971857
0.000114738941193,0.026502638834319,8.395314E-05,0.019582659
0.093281164688442,0.073531732441503,0.07253158,0.057608128
0.1633560205678,0.12896870054018,0.1322256,0.105807215
0.232549311858803,0.191783756576625,0.20332898,0.17054416
0.180071917114496,0.195662290154227,0.12118515,0.13240209
0.176986483193847,0.206943781387268,0.11898011,0.14059809
0.32853969980174,0.359754527828944,0.20837224,0.23062941
0.229816945572723,0.182784213217033,0.20116481,0.16315931
0.074078798100315,0.089105098976952,0.052176207,0.06310016
0.098092364211197,0.068927036002659,0.07613361,0.05409637
0.331980768741891,0.355341228206101,0.21080169,0.22745237
0.072887988354587,0.102271288961895,0.051315576,0.07277089
0.184546110796765,0.144726511791802,0.15213883,0.12121365
0.229928344845517,0.190474871630162,0.20125315,0.1694735
0.003735750945835,0.015298306791386,0.0027371943,0.011256993
0.094254986364536,0.072962149274538,0.07326168,0.057174385
0.002815246582031,0.022892206474264,0.0020620525,0.016892254
0.055666685042591,0.030173539684889,0.042046398,0.023009956
0.195848758746069,0.160867455202193,0.16451259,0.13704431
0.327592644946239,0.350184112046326,0.20770466,0.22375262
0.229565766896267,0.184665040023714,0.20096564,0.1647072
0.197718534720605,0.167531308834988,0.16595976,0.14233546
0.194181975522141,0.167203607629982,0.16322078,0.14207591
0.182695147759162,0.152170388299574,0.15072232,0.12706795
0.178417266777508,0.198986675622084,0.12000203,0.1348103
0.177729334078556,0.207550199149915,0.11951056,0.14104053
0.237359939234012,0.197101042802342,0.21298003,0.17990284
0.328694167817184,0.345425337915365,0.2084812,0.22035071
0.141984074346376,0.098439962870956,0.11236453,0.07922673
0.164371506015644,0.131073818714917,0.13299525,0.107444674
0.00010958313942,0.019913852410969,8.019805E-05,0.014678299
0.329696445886091,0.356891968853138,0.20918828,0.22856757
0.14279732119533,0.099549738478293,0.112973094,0.08008507
0.09640489404952,0.076424732259546,0.07487172,0.059808135
0.32638784784913,0.354659532292991,0.20685601,0.2269625
0.330558303440695,0.361578653447857,0.2097967,0.23194551
0.097541259776013,0.070429102587903,0.07572168,0.055243254
0.226265655273642,0.182346163278544,0.1951482,0.16012964
0.17399853486439,0.196095318806973,0.11684933,0.13271546
0.233773190016109,0.191607904280644,0.20730716,0.1729534
0.138218400163874,0.110105933202589,0.109541774,0.08821297
0.078587234518033,0.09635770529186,0.05544126,0.06841573
0.206101443875186,0.171618356696996,0.17598349,0.1486136
0.178706737114577,0.196747931466505,0.12020889,0.13318789
0.001349717373023,0.025767922840142,0.0009880662,0.019034594
0.141987622907854,0.102345911396295,0.11236718,0.082244456
0.178075400356821,0.200871020409403,0.11975774,0.13617787
0.096458480618916,0.068975286344068,0.0749118,0.054133236
0.0019946992591,0.020873368124686,0.001460582,0.015391022
0.534565090924686,0.59994102525952,0.3109951,0.35663283
0.2316603084519,0.185015459494061,0.20262536,0.16499531
0.07141157948933,0.090635717103574,0.050249577,0.064219624
0.195397587361957,0.160279482439975,0.1641631,0.13657612
0.077208580042086,0.094036191971447,0.05444169,0.06671116
0.225396138393199,0.179734493413099,0.19446665,0.15800813
0.203705106013541,0.179196983967912,0.1741055,0.15469345
0.17665597711431,0.197560307433559,0.118744165,0.1337763
0.182751183130267,0.146115869489737,0.15076521,0.12230892
0.18351053827673,0.150678785869167,0.15134656,0.12589762
0.327900650892749,0.351598176205622,0.20792171,0.22476569
0.236627192463922,0.194638940961121,0.21238767,0.17784399
0.22286193114757,0.1893855298769,0.1924777,0.16582555
0.004364579879269,0.017532229111864,0.003198713,0.012911439
0.239181342847355,0.196783903405442,0.21445096,0.17963788
0.184274668792895,0.157130360048348,0.15193123,0.13094983
0.073754906551758,0.095837799992682,0.05194205,0.068033725
0.204012956505253,0.174122871222974,0.17434695,0.15062693
0.182172059374869,0.152051982495139,0.15032163,0.12697509
0.182060300367185,0.149938137987281,0.15023601,0.12531596
0.178221046754023,0.199178906738642,0.11986181,0.13494971
0.235918415005048,0.189686130506169,0.20902382,0.17135918
0.093292311199484,0.084308936937199,0.072539926,0.06577939
0.16418428669164,0.12821953094927,0.13285342,0.105223805
0.180152291935156,0.202410127732491,0.12124267,0.13729632
0.533940542413116,0.602331635864194,0.31056902,0.3583418
0.176707444997229,0.210198972748493,0.11878091,0.14297551
0.535450819487251,0.60112060070431,0.3115997,0.3574757
0.329521296401932,0.361637745761514,0.20906466,0.23198819
0.230773489930741,0.1918138135279,0.2049018,0.17312406
0.192288399780877,0.169505716853381,0.16175114,0.14389779
0.095724327307878,0.079457714539965,0.07436234,0.06210944
0.202684346312421,0.174934403012179,0.17330447,0.1512784
0.177555297931752,0.197847132430795,0.119386226,0.13398415
0.236028986366071,0.196003245559164,0.21190381,0.17898537
0.19722810709502,0.170582233543357,0.16558038,0.14474861
0.330385054141976,0.351716844798435,0.20967436,0.22485077
0.231619668626957,0.190813811785915,0.2055809,0.17229496
0.098132597733919,0.081491754061505,0.07616368,0.06364983
0.177150364185021,0.202755243039573,0.119097084,0.13754728
0.327942161481853,0.36038222350477,0.20795098,0.23108211
0.165784967292722,0.123836801176842,0.13406554,0.10180402
0.002022475000463,0.020532011899609,0.001480937,0.015137404
0.165230617300101,0.127940759834853,0.13364592,0.10500662
0.052331684985279,0.034723192543307,0.03957656,0.026433975
0.179339860405015,0.202869566455078,0.12066153,0.1376304
0.223776475496129,0.18061861033506,0.19319594,0.15872681
0.23584222891097,0.202420369668632,0.2117527,0.1843365
0.230105639368516,0.193943288356518,0.2013937,0.17230815
0.223944950073524,0.187136396873902,0.19332817,0.16400918
0.229028631311166,0.187012176911512,0.19731075,0.16390878
0.223105955232739,0.188327463501278,0.19266939,0.16497147
0.14045760337513,0.109958171132119,0.111221254,0.08809966
0.534970884867812,0.596027498575742,0.31127205,0.35384145
0.13820585334418,0.098725318019697,0.109532356,0.07944751
0.095527068539201,0.077525451988619,0.07421464,0.06064394
0.074881972137575,0.097970485565412,0.052757084,0.069601595
0.234576162794151,0.196143461666534,0.21072772,0.1791026
0.176725627013214,0.193928065306227,0.118793905,0.13114813
0.531900344406163,0.600922702561496,0.30917835,0.35733426
0.328693839142437,0.361839674640322,0.20848095,0.23213398
0.195415374365914,0.160241366075344,0.16417687,0.13654575
0.193323131979305,0.166891335266476,0.16255449,0.14182854
0.076643140082743,0.093719929601211,0.054032028,0.06647918
0.182338236355225,0.14503180968841,0.15044895,0.121454425
0.236130071833934,0.19843516798977,0.21198559,0.18101668
0.32692789643552,0.346614390926561,0.20723632,0.22119963
0.076702983701626,0.103210507871678,0.05407536,0.073464364
0.232459009233367,0.193761522965638,0.20625408,0.17473693
0.097453937776059,0.081671790056347,0.075656384,0.06378606
0.004220306795454,0.02356922613924,0.0030927956,0.017396212
0.236116898144755,0.193382637474157,0.20918249,0.17442338
0.14409151713888,0.112161337543379,0.113940805,0.0897879
0.142970980955134,0.104625282908471,0.113103,0.0840013
0.324308003928704,0.353602319698687,0.20539269,0.22620332
0.093163058637413,0.069720848634759,0.07244298,0.05470264
0.074843733509795,0.097587556520621,0.052729428,0.069319904
0.19656285601282,0.160692515062393,0.16506554,0.13690503
0.534346448124392,0.592216015936892,0.31084597,0.35113037
0.095652177445443,0.069239630100902,0.074308306,0.054335147
0.232496722375163,0.19931097326953,0.20904197,0.1817472
0.232865599202945,0.195025567050648,0.20357919,0.17319101
0.225178644005098,0.186753914526494,0.19429612,0.16369998
0.208615717641951,0.178962676132882,0.17795011,0.15450606
0.208431510839248,0.177881483882674,0.17780617,0.15364078
0.533158185133986,0.590689955273067,0.31003553,0.35004693
0.001328080900254,0.028772890669461,0.0009712875,0.021278113
0.002786040323944,0.022718400020803,0.0020406246,0.016762942
0.206584186815007,0.176363573850531,0.17636138,0.15242472
0.532917547078582,0.591124048265742,0.3098715,0.35035503
0.176912282394446,0.209565459992472,0.11892712,0.14251238
0.073742865473947,0.101715596057848,0.05193335,0.07236084
0.231453987956925,0.186684015067835,0.20246199,0.16636612
0.182738279290341,0.152420696975481,0.15075535,0.1272642
0.204344663993354,0.176503272165719,0.17460704,0.15253669
0.096029532692473,0.079485819418583,0.0745908,0.06213075
0.055320888630092,0.032651781750103,0.041790575,0.024876505
0.054092555725152,0.032442421176704,0.040881395,0.02471897
0.14028814156401,0.104608831632142,0.11109424,0.08398864
0.1790325938877,0.200695483001704,0.120441854,0.1360504
0.162298844389509,0.125620234539022,0.13142374,0.10319701
0.004097491415949,0.019751697934985,0.0030026734,0.014557898
0.00293710834828,0.026083558754642,0.0021513999,0.019270003
0.076000301604394,0.098700938916632,0.053566486,0.07013917
0.167443290787947,0.127295809187758,0.1353198,0.104504004
0.201672107998158,0.177887881713944,0.17250949,0.1536459
0.163327500760623,0.132818803918117,0.132204,0.108800024
0.533002543187471,0.594445574047327,0.30992943,0.35271534
0.225365568252455,0.17676289166482,0.19444269,0.15558875
0.001739203904367,0.015874683805826,0.0012733936,0.011683613
0.144779295329916,0.102143706217616,0.11445469,0.08208847
0.19514418024836,0.164547798514571,0.16396673,0.13996999
0.534571056205168,0.593151820172338,0.31099916,0.3517953
0.074795066473752,0.10459607744206,0.05269423,0.07448825
0.169686719258587,0.127932206340191,0.13701406,0.10499996
0.198229286638492,0.165433406900616,0.1663547,0.14067273
0.178250099055034,0.198895098005756,0.11988258,0.13474387
0.328941079694465,0.360326626542907,0.20865533,0.231042
0.183097391586173,0.14471044901157,0.1510303,0.121200986
0.534529437229592,0.592268224161249,0.31097078,0.35116744
0.23152514984028,0.188397603469132,0.20550507,0.17028885
0.140863117637993,0.110309183372101,0.11152509,0.0883688
0.003588169801151,0.022256493473603,0.0026289225,0.016419291
0.203572632828176,0.173682467909358,0.17400157,0.15027317
0.177086918925467,0.196747903065007,0.119051784,0.13318786
0.328579905205133,0.359652308574455,0.2084006,0.23055571
0.093523845486575,0.070169017677089,0.072713554,0.05504477
0.051509409542832,0.033044696548932,0.038966656,0.025172114
0.076983332514261,0.09862044228513,0.054278463,0.07007992
0.055832386666399,0.030782848435559,0.042168945,0.02346918
0.001240223657264,0.022537737655378,0.00090786815,0.016628504
0.230891462377839,0.188042115268923,0.20201644,0.16748047
0.194330752126246,0.168969659759813,0.16333614,0.14347386
0.163061722653789,0.131822182679541,0.13200244,0.10802618
0.183080849581913,0.150688829411386,0.15101764,0.12590548
0.003613620985538,0.020418792761349,0.0026476085,0.015053302
0.001520574110388,0.023989617812633,0.001113236,0.017709255
0.138473180344873,0.103293301597705,0.109733015,0.08297503
0.053110121824429,0.033553898469554,0.040153593,0.025555104
0.18465804986727,0.14713144437666,0.15222442,0.12310878
0.195404050351306,0.166397782455066,0.1641681,0.14143741
0.328462665385006,0.350726872330811,0.20831794,0.22414133
0.196901173592621,0.158677279503804,0.16532741,0.13529916
0.004767537043976,0.017857730212674,0.003494531,0.013152748
0.234583618777651,0.191656960538763,0.20795603,0.17299406
0.195522843582423,0.16954293694184,0.16426013,0.14392723
0.328049628365889,0.351301138471045,0.20802674,0.22455281
0.231943816913364,0.185021701245512,0.2028498,0.16500045
0.141128895565595,0.110254527783733,0.1117242,0.0883269
0.223437119530307,0.18293236242795,0.19292948,0.16060519
0.162549512912709,0.133778648249583,0.13161394,0.109544724
0.057902753865047,0.033068686281066,0.043698967,0.025190175
0.223092930877353,0.180946160786148,0.19265914,0.15899295
0.326334233335277,0.349455272020669,0.20681825,0.22323084
0.054580180843255,0.026783526031766,0.04124242,0.02045101
0.328155482102467,0.355981770978297,0.20810136,0.22791284
0.179408966713001,0.208509208034482,0.12071097,0.14174068
0.20412567215299,0.172365977452617,0.17443535,0.14921501
0.203064139125005,0.179460164016359,0.17360258,0.15490395
0.077022135235927,0.092396945961006,0.054306597,0.06550929
0.534989463265663,0.599966408862133,0.31128472,0.35665098
0.235570892450673,0.189894888705152,0.20874591,0.17153247
0.093892768591936,0.082536204758444,0.07299018,0.06443989
0.53286732590134,0.596500750743461,0.30983725,0.35417858
0.326548547309789,0.361547352037478,0.20696917,0.23192292
0.233624831335824,0.191646026756025,0.20718834,0.17298499
0.534511149501578,0.588147940355499,0.31095833,0.34824482
0.176439493930859,0.209141493942627,0.11858967,0.14220256
0.328115905908174,0.359709708210111,0.20807347,0.23059711
0.228144703301567,0.184659825170164,0.19983801,0.1647029
0.53432380364099,0.588292184350677,0.31083047,0.348347
0.329273914518646,0.362567898540947,0.20889011,0.23266
0.051204799477754,0.028432040933413,0.038740635,0.02169621
0.236854463645757,0.197956781755679,0.21257143,0.18061742
0.195432635553279,0.169847400831344,0.16419025,0.14416791
0.093521430608969,0.07801075270799,0.072711766,0.06101221
0.23431481542331,0.199822203762382,0.210516,0.18217339
0.095198199455743,0.083541199842577,0.07396835,0.065199494
0.051060974453453,0.032787739971321,0.038633913,0.024978817
0.001791596440421,0.021722972355666,0.001311779,0.016022533
0.233931781990906,0.188018707191161,0.20442218,0.16746128
0.003365933886139,0.015151113157021,0.0024659038,0.011148065
0.052258937807752,0.029852926824352,0.039522618,0.02276823
0.195674474983271,0.163196412090407,0.16437761,0.1388967
0.095692200913061,0.078166709137337,0.07433829,0.061130524
0.16385494454699,0.129191321825819,0.13260382,0.105980486
0.002068042700154,0.019630759777978,0.0015143454,0.014468133
0.181887950485303,0.147331326093376,0.15010396,0.12326614
0.327396901988948,0.351516816032031,0.20756674,0.2247074
0.141318768897487,0.099322021423163,0.111866385,0.079909
0.076288729680122,0.095540760457542,0.05377534,0.06781554
0.166582480541924,0.125483316108056,0.13466892,0.10309014
0.094145699716446,0.077054425190867,0.07317978,0.060286373
0.09439848589452,0.074168279075888,0.073369235,0.058092594
0.227073028458962,0.181658672133526,0.1957806,0.15957162
0.231793347168894,0.19253001898626,0.20273069,0.17115408
0.053329795214258,0.039454847123547,0.040316373,0.029982597
0.054990798037497,0.031374960888643,0.041546345,0.023915261
0.534132486381532,0.596878767750617,0.31069994,0.35444796
0.166186407545085,0.124380334087987,0.13436931,0.10222876
0.001373320817624,0.020846486053098,0.0010053515,0.015371054
0.076036035629153,0.099449487531237,0.053592354,0.07069036
0.195942311494027,0.162234218048443,0.16458507,0.13813181
0.176973337951634,0.19732859522363,0.11897072,0.13360843
0.180334481332472,0.143725248465669,0.14891279,0.12042358
0.054212033844535,0.035120934722989,0.04096988,0.026732773
0.535407599014901,0.597111946528656,0.3115702,0.3546142
0.07693287757333,0.102552204198203,0.054241925,0.07297826
0.235939233975639,0.197675939189937,0.2118312,0.18038297
0.205102328734125,0.182134960575058,0.17520091,0.1570405
0.0738566531462,0.092567295133138,0.052015573,0.06563413
0.234674334112316,0.196010125707582,0.21080723,0.17899112
0.533362927087645,0.586838246048776,0.31017512,0.3473176
0.139411986184043,0.098450454359062,0.11043733,0.07923484
0.235532746278743,0.201633405412075,0.21150225,0.1836818
0.094948067210726,0.083129034164063,0.07378101,0.06488803
0.051406889791189,0.032303809655081,0.0388906,0.024614632
0.209405750535928,0.172982021174156,0.17856726,0.14971033
0.328196313465447,0.350485083224506,0.20813015,0.22396815
0.052098900236901,0.029204518058969,0.039403945,0.022279173
0.194856550167905,0.163285316298013,0.16374381,0.13896735
0.093268858551426,0.078029081948295,0.07252234,0.061026126
0.327523884339118,0.355637646468684,0.2076562,0.22766542
0.179850991133965,0.144395293908806,0.14854181,0.12095236
0.162962718488095,0.130494163231017,0.13192737,0.10699406
0.195378959792579,0.16469061482106,0.16414864,0.14008336
0.05502435489387,0.035901367446185,0.04157117,0.027318746
0.005703061718704,0.023394733143287,0.004181683,0.017266303
0.534577132917776,0.599396360253404,0.31100336,0.35624388
0.207494613048993,0.170807438192311,0.17707369,0.14796087
0.177500959279598,0.197397886448418,0.11934745,0.13365865
0.175790638143124,0.206959991067571,0.11812678,0.14060989
0.142438114347384,0.100069074504401,0.11270434,0.08048648
0.002408564101792,0.021366328133025,0.00176391,0.015757382
0.235515189372457,0.192866516058957,0.20870137,0.1739961
0.535909526306206,0.588159214650147,0.31191298,0.34825277
0.233428673800761,0.190229614010243,0.2070312,0.17181028
