Time,Level,Mode,NewRate,Rate,Output
71,0.9,0.3,0.12804,0.12804097,0.1016042781
34,0.9,0.3,0.11,0.1016042781,0.3766233766
14,0.9,0.3,0.2391138274,0.3766233766,0.961038961
35,0.9,0.3,0.9090909,0.909090909,0.47975552
36,0.9,0.3,0.9090908,0.47975552,0.5185523
13,0.9,0.3,0.9090909,0.5185523,0.40451255
33,0.9,0.3,0.9090908,0.40451255,0.27661237
47,0.9,0.3,0.9090908,0.27661237,0.2623569
29,0.9,0.3,0.90909094,0.2623569,0.27760878
41,0.9,0.3,0.90909094,0.27760878,0.16570884
36,0.9,0.3,0.90909094,0.16570884,0.3617711
36,0.9,0.3,0.90909094,0.3617711,0.23519811
26,0.9,0.3,0.90909094,0.23519811,0.40229154
18,0.9,0.3,0.90909094,0.40229154,0.48622575
32,0.9,0.3,0.90909094,0.48622575,0.3546761
45,0.9,0.3,0.90909094,0.3546761,0.20093514
54,0.9,0.3,0.90909094,0.20093514,0.11765453
41,0.9,0.3,0.90909094,0.11765453,0.3685406
56,0.9,0.3,0.90909094,0.3685406,0.17025068
28,0.9,0.3,0.90909094,0.17025068,0.3278462
40,0.9,0.3,0.90909094,0.3278462,0.25304154
19,0.9,0.3,0.90909094,0.25304154,0.49433884
28,0.9,0.3,0.90909094,0.49433884,0.3037613
34,0.9,0.3,0.90909094,0.3037613,0.36582312
32,0.9,0.3,0.90909094,0.36582312,0.33772168
25,0.9,0.3,0.90909094,0.33772168,0.42839605
43,0.9,0.3,0.90909094,0.42839605,0.252331
19,0.9,0.3,0.90909094,0.252331,0.465162
32,0.9,0.3,0.90909094,0.465162,0.27805203
43,0.9,0.3,0.90909094,0.27805203,0.24865632
29,0.9,0.3,0.90909094,0.24865632,0.39237687
33,0.9,0.3,0.90909094,0.39237687,0.3054176
27,0.9,0.3,0.90909094,0.3054176,0.35573855
43,0.9,0.3,0.90909094,0.35573855,0.2264812
40,0.9,0.3,0.90909094,0.2264812,0.26897883
29,0.9,0.3,0.90909094,0.26897883,0.35650244
33,0.9,0.3,0.90909094,0.35650244,0.34143436
48,0.9,0.3,0.90909094,0.34143436,0.19433056
21,0.9,0.3,0.90909094,0.19433056,0.45293823
49,0.9,0.3,0.90909094,0.45293823,0.18046203
33,0.9,0.3,0.90909094,0.18046203,0.3265025
42,0.9,0.3,0.90909094,0.3265025,0.2580154
53,0.9,0.3,0.90909094,0.2580154,0.14573038
17,0.9,0.3,0.90909094,0.14573038,0.49416453
35,0.9,0.3,0.90909094,0.49416453,0.3028885
48,0.9,0.3,0.90909094,0.3028885,0.19157095
59,0.9,0.3,0.90909094,0.19157095,0.12732925
6,0.9,0.3,0.90909094,0.12732925,0.5908112
26,0.9,0.3,0.90909094,0.5908112,0.38929597
57,0.9,0.3,0.90909094,0.38929597,0.12239163
29,0.9,0.3,0.90909094,0.12239163,0.3626057
21,0.9,0.3,0.90909094,0.3626057,0.44444472
16,0.9,0.3,0.90909094,0.44444472,0.50996447
33,0.9,0.3,0.90909094,0.50996447,0.33898008
25,0.9,0.3,0.90909094,0.33898008,0.41036472
14,0.9,0.3,0.90909094,0.41036472,0.5293815
32,0.9,0.3,0.90909094,0.5293815,0.32595995
43,0.9,0.3,0.90909094,0.32595995,0.24195035
32,0.9,0.3,0.90909094,0.24195035,0.33096808
25,0.9,0.3,0.90909094,0.33096808,0.4044793
28,0.9,0.3,0.90909094,0.4044793,0.37793243
59,0.9,0.3,0.90909094,0.37793243,0.12204043
42,0.9,0.3,0.90909094,0.12204043,0.24630302
16,0.9,0.3,0.90909094,0.24630302,0.523601
36,0.9,0.3,0.90909094,0.523601,0.28284463
29,0.9,0.3,0.90909094,0.28284463,0.35645026
54,0.9,0.3,0.90909094,0.35645026,0.15532635
25,0.9,0.3,0.90909094,0.15532635,0.38534367
9,0.9,0.3,0.90909094,0.38534367,0.5824829
51,0.9,0.3,0.90909094,0.5824829,0.14721861
32,0.9,0.3,0.90909094,0.14721861,0.3668212
28,0.9,0.3,0.90909094,0.3668212,0.37859493
45,0.9,0.3,0.90909094,0.37859493,0.2652242
49,0.9,0.3,0.90909094,0.2652242,0.15825742
27,0.9,0.3,0.90909094,0.15825742,0.40029505
56,0.9,0.3,0.90909094,0.40029505,0.1484704
15,0.9,0.3,0.90909094,0.1484704,0.5218367
37,0.9,0.3,0.90909094,0.5218367,0.30844685
38,0.9,0.3,0.90909094,0.30844685,0.25447845
30,0.9,0.3,0.90909094,0.25447845,0.3661252
13,0.9,0.3,0.90909094,0.3661252,0.53852826
23,0.9,0.3,0.90909094,0.53852826,0.43822747
32,0.9,0.3,0.90909094,0.43822747,0.31814995
32,0.9,0.3,0.90909094,0.31814995,0.33279005
26,0.9,0.3,0.90909094,0.33279005,0.41929227
28,0.9,0.3,0.90909094,0.41929227,0.3759894
10,0.9,0.3,0.90909094,0.3759894,0.5752144
40,0.9,0.3,0.90909094,0.5752144,0.25309882
49,0.9,0.3,0.90909094,0.25309882,0.15441
52,0.9,0.3,0.90909094,0.15441,0.15611732
64,0.9,0.3,0.90909094,0.15611732,0.09518396
11,0.9,0.3,0.90909094,0.09518396,0.569759
41,0.9,0.3,0.90909094,0.569759,0.24758837
53,0.9,0.3,0.90909094,0.24758837,0.16977833
18,0.9,0.3,0.90909094,0.16977833,0.50867254
40,0.9,0.3,0.90909094,0.50867254,0.2616614
55,0.9,0.3,0.90909094,0.2616614,0.14065968
29,0.9,0.3,0.90909094,0.14065968,0.35015357
27,0.9,0.3,0.90909094,0.35015357,0.3794452
22,0.9,0.3,0.90909094,0.3794452,0.43930885
61,0.9,0.3,0.90909094,0.43930885,0.021691196
23,0.9,0.3,0.9090909,0.021691196,0.45133317
47,0.9,0.3,0.90909094,0.45133317,0.23802693
35,0.9,0.3,0.90909094,0.23802693,0.30861303
21,0.9,0.3,0.90909094,0.30861303,0.4333469
37,0.9,0.3,0.90909094,0.4333469,0.29657888
36,0.9,0.3,0.90909094,0.29657888,0.30136728
44,0.9,0.3,0.90909094,0.30136728,0.23505726
23,0.9,0.3,0.90909094,0.23505726,0.43594494
29,0.9,0.3,0.90909094,0.43594494,0.36230305
34,0.9,0.3,0.90909094,0.36230305,0.31719866
27,0.9,0.3,0.90909094,0.31719866,0.39673182
29,0.9,0.3,0.90909094,0.39673182,0.37100872
45,0.9,0.3,0.90909094,0.37100872,0.22376008
13,0.9,0.3,0.90909094,0.22376008,0.5426158
32,0.9,0.3,0.90909094,0.5426158,0.34066704
56,0.9,0.3,0.90909094,0.34066704,0.14392771
47,0.9,0.3,0.90909094,0.14392771,0.21333307
45,0.9,0.3,0.90909094,0.21333307,0.21286993
38,0.9,0.3,0.90909094,0.21286993,0.28622597
10,0.9,0.3,0.90909094,0.28622597,0.5684213
47,0.9,0.3,0.90909094,0.5684213,0.20462671
13,0.9,0.3,0.90909094,0.20462671,0.5451516
38,0.9,0.3,0.90909094,0.5451516,0.28765061
22,0.9,0.3,0.90909094,0.28765061,0.44927838
56,0.9,0.3,0.90909094,0.44927838,0.14829548
22,0.9,0.3,0.90909094,0.14829548,0.4534836
19,0.9,0.3,0.90909094,0.4534836,0.48837474
44,0.9,0.3,0.90909094,0.48837474,0.23239505
46,0.9,0.3,0.90909094,0.23239505,0.21218881
6,0.9,0.3,0.90909094,0.21218881,0.5932077
58,0.9,0.3,0.90909094,0.5932077,0.14999884
33,0.9,0.3,0.90909094,0.14999884,0.32442024
40,0.9,0.3,0.90909094,0.32442024,0.26508123
53,0.9,0.3,0.90909094,0.26508123,0.17842792
43,0.9,0.3,0.90909094,0.17842792,0.24687159
36,0.9,0.3,0.90909094,0.24687159,0.32548228
58,0.9,0.3,0.90909094,0.32548228,0.13316566
37,0.9,0.3,0.90909094,0.13316566,0.28636304
33,0.9,0.3,0.90909094,0.28636304,0.32300663
47,0.9,0.3,0.90909094,0.32300663,0.20337501
46,0.9,0.3,0.90909094,0.20337501,0.21832497
32,0.9,0.3,0.90909094,0.21832497,0.3360759
48,0.9,0.3,0.90909094,0.3360759,0.18622527
26,0.9,0.3,0.90909094,0.18622527,0.40239015
16,0.9,0.3,0.90909094,0.40239015,0.5169873
63,0.9,0.3,0.90909094,0.5169873,0.11868583
27,0.9,0.3,0.90909094,0.11868583,0.3732703
46,0.9,0.3,0.90909094,0.3732703,0.21587288
23,0.9,0.3,0.90909094,0.21587288,0.43872014
44,0.9,0.3,0.90909094,0.43872014,0.23822875
12,0.9,0.3,0.90909094,0.23822875,0.5612819
24,0.9,0.3,0.90909094,0.5612819,0.4252583
41,0.9,0.3,0.90909094,0.4252583,0.2535898
30,0.9,0.3,0.90909094,0.2535898,0.3570437
45,0.9,0.3,0.90909094,0.3570437,0.22126627
25,0.9,0.3,0.90909094,0.22126627,0.4087
34,0.9,0.3,0.90909094,0.4087,0.32078165
31,0.9,0.3,0.90909094,0.32078165,0.3460786
37,0.9,0.3,0.90909094,0.3460786,0.2950641
25,0.9,0.3,0.90909094,0.2950641,0.40851322
27,0.9,0.3,0.90909094,0.40851322,0.38524884
25,0.9,0.3,0.90909094,0.38524884,0.40735453
10,0.9,0.3,0.90909094,0.40735453,0.56877273
48,0.9,0.3,0.90909094,0.56877273,0.19306102
45,0.9,0.3,0.90909094,0.19306102,0.22680093
17,0.9,0.3,0.90909094,0.22680093,0.5105668
44,0.9,0.3,0.90909094,0.5105668,0.2240513
25,0.9,0.3,0.90909094,0.2240513,0.4155775
29,0.9,0.3,0.90909094,0.4155775,0.3616747
19,0.9,0.3,0.90909094,0.3616747,0.4734103
37,0.9,0.3,0.90909094,0.4734103,0.28226873
15,0.9,0.3,0.90909094,0.28226873,0.5414424
42,0.9,0.3,0.90909094,0.5414424,0.2512502
26,0.9,0.3,0.90909094,0.2512502,0.4005602
19,0.9,0.3,0.90909094,0.4005602,0.4847005
39,0.9,0.3,0.90909094,0.4847005,0.2604929
29,0.9,0.3,0.90909094,0.2604929,0.37960973
16,0.9,0.3,0.90909094,0.37960973,0.50894487
39,0.9,0.3,0.90909094,0.50894487,0.26841217
37,0.9,0.3,0.90909094,0.26841217,0.28973985
15,0.9,0.3,0.90909094,0.28973985,0.51716655
7,0.9,0.3,0.90909094,0.51716655,0.60971665
35,0.9,0.3,0.90909094,0.60971665,0.31356508
39,0.9,0.3,0.90909094,0.31356508,0.26142776
30,0.9,0.3,0.90909094,0.26142776,0.35469225
49,0.9,0.3,0.90909094,0.35469225,0.18689272
42,0.9,0.3,0.90909094,0.18689272,0.25898388
40,0.9,0.3,0.90909094,0.25898388,0.2674305
46,0.9,0.3,0.90909094,0.2674305,0.22020498
56,0.9,0.3,0.90909094,0.22020498,0.14467607
31,0.9,0.3,0.90909094,0.14467607,0.34921667
50,0.9,0.3,0.90909094,0.34921667,0.1830251
9,0.9,0.3,0.90909094,0.1830251,0.59276295
17,0.9,0.3,0.90909094,0.59276295,0.47916788
53,0.9,0.3,0.90909094,0.47916788,0.17190412
13,0.9,0.3,0.90909094,0.17190412,0.5257033
68,0.9,0.3,0.90909094,0.5257033,0.12519312
33,0.9,0.3,0.90909094,0.12519312,0.34141052
54,0.9,0.3,0.90909094,0.34141052,0.16237657
30,0.9,0.3,0.90909094,0.16237657,0.3551085
20,0.9,0.3,0.90909094,0.3551085,0.46083227
33,0.9,0.3,0.90909094,0.46083227,0.30989158
50,0.9,0.3,0.90909094,0.30989158,0.16691412
46,0.9,0.3,0.90909094,0.16691412,0.21994598
17,0.9,0.3,0.90909094,0.21994598,0.49396956
56,0.9,0.3,0.90909094,0.49396956,0.15280628
24,0.9,0.3,0.90909094,0.15280628,0.4235248
43,0.9,0.3,0.90909094,0.4235248,0.22961722
46,0.9,0.3,0.90909094,0.22961722,0.21655257
19,0.9,0.3,0.90909094,0.21655257,0.47178176
40,0.9,0.3,0.90909094,0.47178176,0.2546184
40,0.9,0.3,0.90909094,0.2546184,0.2657176
41,0.9,0.3,0.90909094,0.2657176,0.25170842
37,0.9,0.3,0.90909094,0.25170842,0.29146004
27,0.9,0.3,0.90909094,0.29146004,0.38647136
50,0.9,0.3,0.90909094,0.38647136,0.18320334
51,0.9,0.3,0.90909094,0.18320334,0.17202985
49,0.9,0.3,0.90909094,0.17202985,0.1972749
57,0.9,0.3,0.90909094,0.1972749,0.13520807
27,0.9,0.3,0.90909094,0.13520807,0.38811696
27,0.9,0.3,0.90909094,0.38811696,0.39694893
26,0.9,0.3,0.90909094,0.39694893,0.39593473
38,0.9,0.3,0.90909094,0.39593473,0.27907586
33,0.9,0.3,0.90909094,0.27907586,0.32857293
35,0.9,0.3,0.90909094,0.32857293,0.29647434
23,0.9,0.3,0.90909094,0.29647434,0.43703395
39,0.9,0.3,0.90909094,0.43703395,0.27492324
37,0.9,0.3,0.90909094,0.27492324,0.29508406
44,0.9,0.3,0.90909094,0.29508406,0.22728358
69,0.9,0.3,0.90909094,0.22728358,0.100399345
58,0.9,0.3,0.90909094,0.100399345,0.12572202
36,0.9,0.3,0.90909094,0.12572202,0.29032215
53,0.9,0.3,0.90909094,0.29032215,0.15947507
25,0.9,0.3,0.90909094,0.15947507,0.41261357
43,0.9,0.3,0.90909094,0.41261357,0.22969766
48,0.9,0.3,0.90909094,0.22969766,0.19927599
31,0.9,0.3,0.90909094,0.19927599,0.3535304
25,0.9,0.3,0.90909094,0.3535304,0.4047634
23,0.9,0.3,0.90909094,0.4047634,0.42726132
34,0.9,0.3,0.90909094,0.42726132,0.31647196
15,0.9,0.3,0.90909094,0.31647196,0.5238975
59,0.9,0.3,0.90909094,0.5238975,0.13037165
19,0.9,0.3,0.90909094,0.13037165,0.47107983
68,0.9,0.3,0.90909094,0.47107983,0.08660215
28,0.9,0.3,0.9090909,0.08660215,0.399965
57,0.9,0.3,0.90909094,0.399965,0.13393898
49,0.9,0.3,0.90909094,0.13393898,0.19094674
43,0.9,0.3,0.90909094,0.19094674,0.24231651
42,0.9,0.3,0.90909094,0.24231651,0.24602604
32,0.9,0.3,0.90909094,0.24602604,0.34788126
41,0.9,0.3,0.90909094,0.34788126,0.25994685
41,0.9,0.3,0.90909094,0.25994685,0.25831243
6,0.9,0.3,0.90909094,0.25831243,0.6036389
50,0.9,0.3,0.90909094,0.6036389,0.1767484
49,0.9,0.3,0.90909094,0.1767484,0.1889399
14,0.9,0.3,0.90909094,0.1889399,0.52755266
28,0.9,0.3,0.90909094,0.52755266,0.39337263
51,0.9,0.3,0.90909094,0.39337263,0.16503479
52,0.9,0.3,0.90909094,0.16503479,0.16394253
48,0.9,0.3,0.90909094,0.16394253,0.18265349
29,0.9,0.3,0.90909094,0.18265349,0.3247384
39,0.9,0.3,0.90909094,0.3247384,0.28414148
29,0.9,0.3,0.90909094,0.28414148,0.3812914
27,0.9,0.3,0.90909094,0.3812914,0.39255473
32,0.9,0.3,0.90909094,0.39255473,0.34572425
53,0.9,0.3,0.90909094,0.34572425,0.16415203
14,0.9,0.3,0.90909094,0.16415203,0.5391167
42,0.9,0.3,0.90909094,0.5391167,0.23746465
52,0.9,0.3,0.90909094,0.23746465,0.16969797
38,0.9,0.3,0.90909094,0.16969797,0.2787239
31,0.9,0.3,0.90909094,0.2787239,0.35647503
28,0.9,0.3,0.90909094,0.35647503,0.38846612
24,0.9,0.3,0.90909094,0.38846612,0.4175499
26,0.9,0.3,0.90909094,0.4175499,0.39330384
21,0.9,0.3,0.90909094,0.39330384,0.46311757
24,0.9,0.3,0.90909094,0.46311757,0.43127617
41,0.9,0.3,0.90909094,0.43127617,0.25325024
38,0.9,0.3,0.90909094,0.25325024,0.28846306
26,0.9,0.3,0.90909094,0.28846306,0.39765117
19,0.9,0.3,0.90909094,0.39765117,0.48206544
26,0.9,0.3,0.90909094,0.48206544,0.40101594
51,0.9,0.3,0.90909094,0.40101594,0.18468717
35,0.9,0.3,0.90909094,0.18468717,0.30455342
42,0.9,0.3,0.90909094,0.30455342,0.24893259
27,0.9,0.3,0.90909094,0.24893259,0.39592165
13,0.9,0.3,0.90909094,0.39592165,0.52664703
56,0.9,0.3,0.90909094,0.52664703,0.15486555
26,0.9,0.3,0.90909094,0.15486555,0.40304315
48,0.9,0.3,0.90909094,0.40304315,0.20639874
25,0.9,0.3,0.90909094,0.20639874,0.40859136
15,0.9,0.3,0.90909094,0.40859136,0.5100125
28,0.9,0.3,0.90909094,0.5100125,0.39252368
36,0.9,0.3,0.90909094,0.39252368,0.29426682
21,0.9,0.3,0.90909094,0.29426682,0.44854203
52,0.9,0.3,0.90909094,0.44854203,0.15292595
38,0.9,0.3,0.90909094,0.15292595,0.28558454
27,0.9,0.3,0.90909094,0.28558454,0.38638157
40,0.9,0.3,0.90909094,0.38638157,0.2684559
27,0.9,0.3,0.90909094,0.2684559,0.39104104
52,0.9,0.3,0.90909094,0.39104104,0.16203302
26,0.9,0.3,0.90909094,0.16203302,0.39987713
43,0.9,0.3,0.90909094,0.39987713,0.2284555
40,0.9,0.3,0.90909094,0.2284555,0.2544717
38,0.9,0.3,0.90909094,0.2544717,0.26365745
40,0.9,0.3,0.90909094,0.26365745,0.24922964
34,0.9,0.3,0.90909094,0.24922964,0.3020263
66,0.9,0.3,0.90909094,0.3020263,0.08482344
32,0.9,0.3,0.90909094,0.08482344,0.33673987
40,0.9,0.3,0.90909094,0.33673987,0.26784766
11,0.9,0.3,0.90909094,0.26784766,0.54366326
44,0.9,0.3,0.90909094,0.54366326,0.22737575
36,0.9,0.3,0.90909094,0.22737575,0.2954324
32,0.9,0.3,0.90909094,0.2954324,0.33743134
51,0.9,0.3,0.90909094,0.33743134,0.18793517
25,0.9,0.3,0.90909094,0.18793517,0.41904262
45,0.9,0.3,0.90909094,0.41904262,0.20485787
40,0.9,0.3,0.90909094,0.20485787,0.26523107
45,0.9,0.3,0.90909094,0.26523107,0.2169119
41,0.9,0.3,0.90909094,0.2169119,0.24662909
24,0.9,0.3,0.90909094,0.24662909,0.41776764
30,0.9,0.3,0.90909094,0.41776764,0.3664435
46,0.9,0.3,0.90909094,0.3664435,0.18895818
34,0.9,0.3,0.90909094,0.18895818,0.28312874
18,0.9,0.3,0.90909094,0.28312874,0.48536715
33,0.9,0.3,0.90909094,0.48536715,0.31987906
45,0.9,0.3,0.90909094,0.31987906,0.22547437
35,0.9,0.3,0.90909094,0.22547437,0.3037489
8,0.9,0.3,0.90909094,0.3037489,0.6037327
42,0.9,0.3,0.90909094,0.6037327,0.24426177
57,0.9,0.3,0.90909094,0.24426177,0.14353946
36,0.9,0.3,0.90909094,0.14353946,0.2871559
20,0.9,0.3,0.90909094,0.2871559,0.46927238
28,0.9,0.3,0.90909094,0.46927238,0.39144957
41,0.9,0.3,0.90909094,0.39144957,0.25214082
46,0.9,0.3,0.90909094,0.25214082,0.20876054
30,0.9,0.3,0.90909094,0.20876054,0.35090697
52,0.9,0.3,0.90909094,0.35090697,0.17864606
41,0.9,0.3,0.90909094,0.17864606,0.25322652
57,0.9,0.3,0.90909094,0.25322652,0.14060342
25,0.9,0.3,0.90909094,0.14060342,0.41387486
45,0.9,0.3,0.90909094,0.41387486,0.20958282
44,0.9,0.3,0.90909094,0.20958282,0.23804012
46,0.9,0.3,0.90909094,0.23804012,0.21609038
28,0.9,0.3,0.90909094,0.21609038,0.37639984
96,0.6,0.9,0.90909094,0.37639984,0.031013224
35,0.9,0.9,0.9090909,0.031013224,0.3546131
116,0.6,0.9,0.90909094,0.3546131,0.010368147
91,0.6,0.9,0.9090908,0.010368147,0.039762802
106,0.6,0.9,0.90909094,0.039762802,0.017450577
131,0.9,0.9,0.90909094,0.017450577,0.0068191835
156,0.9,0.9,0.9090909,0.0068191835,0.0018874984
161,0.9,0.9,0.90909094,0.0018874984,0.0017243343
169,0.9,0.9,0.9090909,0.0017243343,0.0015870732
121,0.6,0.9,0.9090909,0.0015870732,0.008504127
134,0.9,0.9,0.90909094,0.008504127,0.006411815
32,0.9,0.9,0.90909094,0.006411815,0.38521096
158,0.9,0.9,0.90909094,0.38521096,0.0018257014
81,0.3,0.9,0.909091,0.0018257014,0.04447239
115,0.6,0.9,0.90909094,0.04447239,0.011594564
164,0.9,0.9,0.9090911,0.011594564,0.0017217055
100,0.6,0.9,0.9090912,0.0017217055,0.020988517
111,0.6,0.9,0.9090912,0.020988517,0.014437109
45,0.9,0.9,0.9090912,0.014437109,0.26195475
115,0.6,0.9,0.9090912,0.26195475,0.0114502795
117,0.6,0.9,0.90909123,0.0114502795,0.011537102
41,0.9,0.9,0.90909135,0.011537102,0.28296444
109,0.6,0.9,0.90909135,0.28296444,0.013558685
157,0.9,0.9,0.9090915,0.013558685,0.0030791967
95,0.6,0.9,0.9090915,0.0030791967,0.032190535
134,0.9,0.9,0.9090915,0.032190535,0.0058869454
120,0.6,0.9,0.9090914,0.0058869454,0.008171079
118,0.6,0.9,0.9090915,0.008171079,0.010946643
85,0.3,0.9,0.9090915,0.010946643,0.03524665
60,0.3,0.9,0.90909153,0.03524665,0.11172443
105,0.6,0.9,0.90909153,0.11172443,0.01733494
147,0.9,0.9,0.90909153,0.01733494,0.00309833
179,0.9,0.9,0.90909153,0.00309833,0.00090968155
134,0.9,0.9,0.9090915,0.00090968155,0.005861489
93,0.6,0.9,0.90909153,0.005861489,0.027784923
133,0.9,0.9,0.9090914,0.027784923,0.0062423595
61,0.3,0.9,0.9090915,0.0062423595,0.10354038
93,0.6,0.9,0.90909153,0.10354038,0.031085417
111,0.6,0.9,0.90909153,0.031085417,0.015017696
106,0.6,0.9,0.9090916,0.015017696,0.019014541
81,0.3,0.9,0.9090916,0.019014541,0.04798864
142,0.9,0.9,0.90909153,0.04798864,0.0011125728
61,0.3,0.9,0.9090916,0.0011125728,0.11306678
104,0.6,0.9,0.9090916,0.11306678,0.01585439
142,0.9,0.9,0.9090915,0.01585439,0.0038111578
94,0.6,0.9,0.90909153,0.0038111578,0.02834849
108,0.6,0.9,0.9090916,0.02834849,0.017970704
87,0.3,0.9,0.90909165,0.017970704,0.037727002
143,0.9,0.9,0.9090916,0.037727002,0.0035050754
132,0.9,0.9,0.90909165,0.0035050754,0.007013373
95,0.6,0.9,0.90909165,0.007013373,0.026320845
107,0.6,0.9,0.9090916,0.026320845,0.01858997
160,0.9,0.9,0.90909165,0.01858997,0.0017838045
68,0.3,0.9,0.9090916,0.0017838045,0.0848375
163,0.9,0.9,0.9090917,0.0848375,0.0015530998
107,0.6,0.9,0.9090917,0.0015530998,0.018806996
139,0.9,0.9,0.9090917,0.018806996,0.0054720324
177,0.9,0.9,0.9090918,0.0054720324,0.0010124091
55,0.3,0.9,0.9090918,0.0010124091,0.13772337
114,0.6,0.9,0.9090917,0.13772337,0.016850783
157,0.9,0.9,0.9090917,0.016850783,0.0020707815
20,0.9,0.9,0.9090918,0.0020707815,0.50147647
86,0.3,0.9,0.9090917,0.50147647,0.03887285
95,0.6,0.9,0.90909183,0.03887285,0.033116944
70,0.3,0.9,0.90909183,0.033116944,0.07232585
52,0.3,0.9,0.9090919,0.07232585,0.15917096
108,0.6,0.9,0.9090919,0.15917096,0.01786559
80,0.3,0.9,0.90909195,0.01786559,0.048339613
45,0.9,0.9,0.90909195,0.048339613,0.2532386
103,0.6,0.9,0.90909195,0.2532386,0.021026528
141,0.9,0.9,0.9090919,0.021026528,0.003938395
105,0.6,0.9,0.90909195,0.003938395,0.0201843
82,0.3,0.9,0.90909195,0.0201843,0.04231974
92,0.6,0.9,0.909092,0.04231974,0.035888843
140,0.9,0.9,0.90909207,0.035888843,0.005838209
52,0.3,0.9,0.90909207,0.005838209,0.15109864
118,0.6,0.9,0.90909207,0.15109864,0.013230147
96,0.6,0.9,0.90909207,0.013230147,0.031830225
178,0.9,0.9,0.909092,0.031830225,0.0009806008
81,0.3,0.9,0.90909207,0.0009806008,0.045764226
29,0.9,0.9,0.909092,0.045764226,0.40353593
168,0.9,0.9,0.90909207,0.40353593,0.0011085337
106,0.6,0.9,0.909092,0.0011085337,0.020528853
92,0.6,0.9,0.9090921,0.020528853,0.029865002
150,0.9,0.9,0.9090921,0.029865002,0.0029734687
161,0.9,0.9,0.9090921,0.0029734687,0.0019553616
90,0.3,0.9,0.90909207,0.0019553616,0.033290755
50,0.3,0.9,0.9090922,0.033290755,0.15818548
120,0.6,0.9,0.90909225,0.15818548,0.011063486
127,0.6,0.9,0.9090923,0.011063486,0.007737482
99,0.6,0.9,0.90909237,0.007737482,0.026203942
41,0.9,0.9,0.90909237,0.026203942,0.28971264
74,0.3,0.9,0.9090924,0.28971264,0.0643387
106,0.6,0.9,0.9090924,0.0643387,0.017132122
105,0.6,0.9,0.9090924,0.017132122,0.019734459
1,0.9,0.9,0.9090924,0.019734459,0.7856314
86,0.3,0.9,0.9090925,0.7856314,0.037239652
90,0.3,0.9,0.90909255,0.037239652,0.030752132
33,0.9,0.9,0.9090926,0.030752132,0.37696296
133,0.9,0.9,0.90909255,0.37696296,0.0060858265
160,0.9,0.9,0.9090926,0.0060858265,0.0015799851
171,0.9,0.9,0.9090926,0.0015799851,0.001001138
35,0.9,0.9,0.90909266,0.001001138,0.3471949
134,0.9,0.9,0.90909266,0.3471949,0.005196591
175,0.9,0.9,0.9090927,0.005196591,0.0011231691
59,0.3,0.9,0.9090927,0.0011231691,0.11167448
132,0.9,0.9,0.90909266,0.11167448,0.006833906
94,0.6,0.9,0.9090927,0.006833906,0.029470945
89,0.3,0.9,0.9090927,0.029470945,0.03808221
72,0.3,0.9,0.90909284,0.03808221,0.06917162
73,0.3,0.9,0.90909284,0.06917162,0.06607016
156,0.9,0.9,0.9090929,0.06607016,0.0022629416
114,0.6,0.9,0.9090929,0.0022629416,0.012695187
69,0.3,0.9,0.90909284,0.012695187,0.08104901
121,0.6,0.9,0.90909296,0.08104901,0.008509505
118,0.6,0.9,0.90909296,0.008509505,0.010474036
144,0.9,0.9,0.90909296,0.010474036,0.0039374637
75,0.3,0.9,0.90909296,0.0039374637,0.06212822
96,0.6,0.9,0.90909296,0.06212822,0.028094435
113,0.6,0.9,0.90909296,0.028094435,0.011734167
88,0.3,0.9,0.90909296,0.011734167,0.03318657
94,0.6,0.9,0.90909296,0.03318657,0.03183988
149,0.9,0.9,0.9090929,0.03183988,0.0032807041
42,0.9,0.9,0.90909296,0.0032807041,0.2691175
16,0.9,0.9,0.9090929,0.2691175,0.53357047
106,0.6,0.9,0.9090929,0.53357047,0.01899848
2,0.9,0.9,0.9090929,0.01899848,0.78318524
155,0.9,0.9,0.9090929,0.78318524,0.0017087888
147,0.9,0.9,0.9090929,0.0017087888,0.0029720538
125,0.6,0.9,0.9090929,0.0029720538,0.009235342
33,0.9,0.9,0.90909296,0.009235342,0.37335977
154,0.9,0.9,0.9090929,0.37335977,0.0023102555
41,0.9,0.9,0.90909296,0.0023102555,0.28493223
125,0.6,0.9,0.9090929,0.28493223,0.005356034
70,0.3,0.9,0.9090929,0.005356034,0.075214885
72,0.3,0.9,0.909093,0.075214885,0.07374755
63,0.3,0.9,0.90909296,0.07374755,0.10543626
145,0.9,0.9,0.909093,0.10543626,0.0027820915
151,0.9,0.9,0.90909296,0.0027820915,0.0023337211
20,0.9,0.9,0.909093,0.0023337211,0.5034861
109,0.6,0.9,0.909093,0.5034861,0.016197262
130,0.6,0.9,0.909093,0.016197262,0.0056162723
174,0.9,0.9,0.909093,0.0056162723,0.0008721498
140,0.9,0.9,0.909093,0.0008721498,0.0037285627
119,0.6,0.9,0.909093,0.0037285627,0.00938256
122,0.6,0.9,0.909093,0.00938256,0.007048838
109,0.6,0.9,0.909093,0.007048838,0.014785304
156,0.9,0.9,0.90909296,0.014785304,0.0021064358
153,0.9,0.9,0.90909296,0.0021064358,0.002134434
106,0.6,0.9,0.9090931,0.002134434,0.013378026
158,0.9,0.9,0.90909314,0.013378026,0.0018404279
85,0.3,0.9,0.90909314,0.0018404279,0.03744501
52,0.3,0.9,0.9090931,0.03744501,0.15828067
87,0.3,0.9,0.9090932,0.15828067,0.03548519
152,0.9,0.9,0.90909326,0.03548519,0.0023406658
76,0.3,0.9,0.90909326,0.0023406658,0.05811863
146,0.9,0.9,0.9090932,0.05811863,0.0031542627
39,0.9,0.9,0.9090932,0.0031542627,0.30571154
79,0.3,0.9,0.90909326,0.30571154,0.043907076
134,0.9,0.9,0.9090933,0.043907076,0.0042525553
97,0.6,0.9,0.9090934,0.0042525553,0.025013257
147,0.9,0.9,0.9090934,0.025013257,0.0022272004
81,0.3,0.9,0.9090934,0.0022272004,0.04144795
112,0.6,0.9,0.90909344,0.04144795,0.012712489
100,0.6,0.9,0.9090934,0.012712489,0.020854712
121,0.6,0.9,0.90909344,0.020854712,0.009733534
82,0.3,0.9,0.9090934,0.009733534,0.045030672
88,0.3,0.9,0.90909344,0.045030672,0.030276347
82,0.3,0.9,0.90909344,0.030276347,0.044428162
32,0.9,0.9,0.90909344,0.044428162,0.37039173
159,0.9,0.9,0.90909344,0.37039173,0.0010511521
149,0.9,0.9,0.90909344,0.0010511521,0.0029167344
56,0.3,0.9,0.90909344,0.0029167344,0.11134562
146,0.9,0.9,0.90909344,0.11134562,0.0035150358
83,0.3,0.9,0.90909344,0.0035150358,0.044329792
95,0.6,0.9,0.90909344,0.044329792,0.028566241
61,0.3,0.9,0.90909344,0.028566241,0.11677257
122,0.6,0.9,0.90909344,0.11677257,0.008345543
50,0.3,0.9,0.90909344,0.008345543,0.1698066
139,0.9,0.9,0.90909344,0.1698066,0.0040304502
84,0.3,0.9,0.9090934,0.0040304502,0.04147518
62,0.3,0.9,0.9090935,0.04147518,0.108024865
128,0.6,0.9,0.90909344,0.108024865,0.0071167406
96,0.6,0.9,0.9090935,0.0071167406,0.028470641
53,0.3,0.9,0.9090935,0.028470641,0.14781365
129,0.6,0.9,0.90909344,0.14781365,0.0068927836
122,0.6,0.9,0.9090935,0.0068927836,0.007907763
48,0.9,0.9,0.9090935,0.007907763,0.22456573
21,0.9,0.9,0.90909344,0.22456573,0.4926211
115,0.6,0.9,0.90909344,0.4926211,0.01065804
129,0.6,0.9,0.90909356,0.01065804,0.006105043
97,0.6,0.9,0.90909356,0.006105043,0.024935065
163,0.9,0.9,0.90909356,0.024935065,0.0015880589
140,0.9,0.9,0.90909356,0.0015880589,0.0045737904
132,0.9,0.9,0.9090936,0.0045737904,0.007412628
150,0.9,0.9,0.9090936,0.007412628,0.0023621889
103,0.6,0.9,0.9090937,0.0023621889,0.020891003
165,0.9,0.9,0.90909374,0.020891003,0.0014196147
29,0.9,0.9,0.90909374,0.0014196147,0.4040867
54,0.3,0.9,0.9090937,0.4040867,0.14895494
174,0.9,0.9,0.9090937,0.14895494,0.001200938
41,0.9,0.9,0.9090937,0.001200938,0.30092067
107,0.6,0.9,0.9090937,0.30092067,0.015981415
180,0.9,0.9,0.9090937,0.015981415,0.0006984267
98,0.6,0.9,0.90909374,0.0006984267,0.026175994
66,0.3,0.9,0.90909374,0.026175994,0.08222916
109,0.6,0.9,0.9090938,0.08222916,0.0150110945
164,0.9,0.9,0.9090939,0.0150110945,0.0017006868
152,0.9,0.9,0.90909386,0.0017006868,0.0026079626
56,0.3,0.9,0.909094,0.0026079626,0.1257843
80,0.3,0.9,0.909094,0.1257843,0.05164744
141,0.9,0.9,0.909094,0.05164744,0.0053229346
152,0.9,0.9,0.909094,0.0053229346,0.002315936
60,0.3,0.9,0.909094,0.002315936,0.11140638
133,0.9,0.9,0.909094,0.11140638,0.006855377
132,0.9,0.9,0.909094,0.006855377,0.005530017
135,0.9,0.9,0.9090939,0.005530017,0.0062063164
123,0.6,0.9,0.9090939,0.0062063164,0.008804574
90,0.3,0.9,0.909094,0.008804574,0.030340793
165,0.9,0.9,0.909094,0.030340793,0.0015620244
169,0.9,0.9,0.90909404,0.0015620244,0.0011784716
162,0.9,0.9,0.90909404,0.0011784716,0.0017850209
90,0.3,0.9,0.9090941,0.0017850209,0.0325201
88,0.3,0.9,0.9090941,0.0325201,0.033401456
84,0.3,0.9,0.90909415,0.033401456,0.043527693
125,0.6,0.9,0.90909415,0.043527693,0.0063073016
109,0.6,0.9,0.9090942,0.0063073016,0.015235888
115,0.6,0.9,0.9090942,0.015235888,0.011158331
13,0.9,0.9,0.9090942,0.011158331,0.5690079
76,0.3,0.9,0.90909415,0.5690079,0.056814246
130,0.6,0.9,0.9090942,0.056814246,0.0054026297
121,0.6,0.9,0.9090942,0.0054026297,0.008383458
144,0.9,0.9,0.9090943,0.008383458,0.0031735154
119,0.6,0.9,0.9090943,0.0031735154,0.008867951
174,0.9,0.9,0.9090943,0.008867951,0.001016218
81,0.3,0.9,0.90909433,0.001016218,0.043875765
143,0.9,0.9,0.9090943,0.043875765,0.0034587248
157,0.9,0.9,0.9090943,0.0034587248,0.002554811
103,0.6,0.9,0.90909433,0.002554811,0.016057894
81,0.3,0.9,0.90909433,0.016057894,0.046332568
74,0.3,0.9,0.9090943,0.046332568,0.06355422
113,0.6,0.9,0.9090944,0.06355422,0.012805092
50,0.3,0.9,0.90909433,0.012805092,0.16343129
62,0.3,0.9,0.9090944,0.16343129,0.103067026
91,0.6,0.9,0.9090944,0.103067026,0.03158127
163,0.9,0.9,0.90909445,0.03158127,0.0016300079
142,0.9,0.9,0.9090945,0.0016300079,0.0038906292
140,0.9,0.9,0.9090946,0.0038906292,0.0053379517
104,0.6,0.9,0.9090946,0.0053379517,0.01844367
136,0.9,0.9,0.9090946,0.01844367,0.004714685
135,0.9,0.9,0.9090945,0.004714685,0.005140562
19,0.9,0.9,0.9090946,0.005140562,0.5063618
165,0.9,0.9,0.9090946,0.5063618,0.0016170326
161,0.9,0.9,0.90909463,0.0016170326,0.0015311037
46,0.9,0.9,0.90909463,0.0015311037,0.24650657
91,0.6,0.9,0.9090947,0.24650657,0.035074763
169,0.9,0.9,0.90909463,0.035074763,0.0010476765
171,0.9,0.9,0.9090947,0.0010476765,0.0011734801
158,0.9,0.9,0.90909463,0.0011734801,0.0021464692
94,0.6,0.9,0.90909463,0.0021464692,0.029691434
129,0.6,0.9,0.9090947,0.029691434,0.005275055
94,0.6,0.9,0.9090946,0.005275055,0.031386524
89,0.3,0.9,0.90909475,0.031386524,0.034929045
104,0.6,0.9,0.9090948,0.034929045,0.020360615
176,0.9,0.9,0.9090948,0.020360615,0.0008989186
45,0.9,0.9,0.90909487,0.0008989186,0.24553522
140,0.9,0.9,0.9090949,0.24553522,0.0040976657
171,0.9,0.9,0.9090949,0.0040976657,0.0010251953
126,0.6,0.9,0.9090949,0.0010251953,0.0056763957
101,0.6,0.9,0.909095,0.0056763957,0.025720587
91,0.6,0.9,0.9090949,0.025720587,0.030329943
77,0.3,0.9,0.90909505,0.030329943,0.05266762
84,0.3,0.9,0.909095,0.05266762,0.040097605
68,0.3,0.9,0.90909505,0.040097605,0.08063371
79,0.3,0.9,0.9090951,0.08063371,0.048499305
134,0.9,0.9,0.9090951,0.048499305,0.0069451956
125,0.6,0.9,0.90909517,0.0069451956,0.00820901
86,0.3,0.9,0.90909517,0.00820901,0.034455325
61,0.3,0.9,0.9090952,0.034455325,0.10105682
84,0.3,0.9,0.90909517,0.10105682,0.042857397
167,0.9,0.9,0.9090952,0.042857397,0.0012945142
116,0.6,0.9,0.9090952,0.0012945142,0.011882203
140,0.9,0.9,0.9090952,0.011882203,0.003942183
90,0.3,0.9,0.9090952,0.003942183,0.03538464
41,0.9,0.9,0.90909517,0.03538464,0.2901313
86,0.3,0.9,0.90909517,0.2901313,0.036139015
159,0.9,0.9,0.90909517,0.036139015,0.0019623076
83,0.3,0.9,0.90909517,0.0019623076,0.041198768
49,0.9,0.9,0.9090953,0.041198768,0.22089887
91,0.6,0.9,0.9090953,0.22089887,0.034575734
117,0.6,0.9,0.9090952,0.034575734,0.010895794
69,0.3,0.9,0.90909535,0.010895794,0.07845656
173,0.9,0.9,0.9090954,0.07845656,0.00084999163
124,0.6,0.9,0.9090955,0.00084999163,0.006877482
90,0.3,0.9,0.9090955,0.006877482,0.033719916
130,0.6,0.9,0.90909547,0.033719916,0.0063682157
88,0.3,0.9,0.9090956,0.0063682157,0.035267323
171,0.9,0.9,0.90909564,0.035267323,0.0009992265
84,0.3,0.9,0.9090956,0.0009992265,0.042327683
141,0.9,0.9,0.90909564,0.042327683,0.004763973
133,0.9,0.9,0.9090957,0.004763973,0.006517984
124,0.6,0.9,0.90909576,0.006517984,0.006897609
133,0.9,0.9,0.9090958,0.006897609,0.006731857
113,0.6,0.9,0.90909576,0.006731857,0.010161563
106,0.6,0.9,0.9090958,0.010161563,0.014920122
132,0.9,0.9,0.90909576,0.014920122,0.005490298
36,0.9,0.9,0.90909576,0.005490298,0.3385113
144,0.9,0.9,0.9090958,0.3385113,0.00325721
118,0.6,0.9,0.9090958,0.00325721,0.010344522
104,0.6,0.9,0.9090959,0.010344522,0.019213293
4,0.9,0.6,0.9090959,0.019213293,0.6621058
13,0.6,0.6,0.9090958,0.6621058,0.52793443
6,0.3,0.6,0.9090958,0.52793443,0.60175204
8,0.3,0.6,0.9090958,0.60175204,0.5813304
15,0.6,0.6,0.9090958,0.5813304,0.5136796
14,0.6,0.6,0.9090958,0.5136796,0.5278647
13,0.6,0.6,0.9090958,0.5278647,0.5308625
5,0.3,0.6,0.9090958,0.5308625,0.61011964
7,0.3,0.6,0.9090958,0.61011964,0.5921804
11,0.6,0.6,0.9090958,0.5921804,0.5512601
10,0.3,0.6,0.9090958,0.5512601,0.54485494
6,0.3,0.6,0.9090958,0.54485494,0.6027461
18,0.9,0.6,0.9090958,0.6027461,0.50747806
16,0.9,0.6,0.9090958,0.50747806,0.51857466
11,0.6,0.6,0.9090958,0.51857466,0.54953414
11,0.6,0.6,0.9090958,0.54953414,0.55195826
6,0.3,0.6,0.9090958,0.55195826,0.6010459
15,0.6,0.6,0.9090958,0.6010459,0.51117903
6,0.3,0.6,0.9090958,0.51117903,0.60225147
5,0.3,0.6,0.9090958,0.60225147,0.60642105
8,0.3,0.6,0.9090958,0.60642105,0.5789577
19,0.9,0.6,0.9090958,0.5789577,0.49753693
19,0.9,0.6,0.9090958,0.49753693,0.5007328
7,0.3,0.6,0.9090958,0.5007328,0.59279835
8,0.3,0.6,0.9090958,0.59279835,0.5792678
7,0.3,0.6,0.9090958,0.5792678,0.5943984
14,0.6,0.6,0.9090958,0.5943984,0.5196286
18,0.9,0.6,0.9090958,0.5196286,0.49978587
19,0.9,0.6,0.9090958,0.49978587,0.49467024
5,0.3,0.6,0.9090958,0.49467024,0.60774964
8,0.3,0.6,0.9090958,0.60774964,0.5764059
9,0.3,0.6,0.9090958,0.5764059,0.56115544
13,0.6,0.6,0.9090958,0.56115544,0.52327114
8,0.3,0.6,0.9090958,0.52327114,0.5768464
12,0.6,0.6,0.9090958,0.5768464,0.53471863
9,0.3,0.6,0.9090958,0.53471863,0.5615329
10,0.3,0.6,0.9090958,0.5615329,0.54919004
6,0.3,0.6,0.9090958,0.54919004,0.601762
6,0.3,0.6,0.9090958,0.601762,0.6002555
17,0.9,0.6,0.9090958,0.6002555,0.51372916
10,0.3,0.6,0.9090958,0.51372916,0.5431683
16,0.9,0.6,0.9090958,0.5431683,0.52450126
19,0.9,0.6,0.9090958,0.52450126,0.49860013
7,0.3,0.6,0.9090958,0.49860013,0.59412813
6,0.3,0.6,0.9090958,0.59412813,0.60043925
17,0.9,0.6,0.9090958,0.60043925,0.51392716
9,0.3,0.6,0.9090958,0.51392716,0.5602338
17,0.9,0.6,0.9090958,0.5602338,0.51536554
19,0.9,0.6,0.9090958,0.51536554,0.49674535
4,0.9,0.6,0.9090958,0.49674535,0.66806877
13,0.6,0.6,0.9090958,0.66806877,0.525753
10,0.3,0.6,0.9090958,0.525753,0.5438886
13,0.6,0.6,0.9090958,0.5438886,0.5297818
4,0.9,0.6,0.9090958,0.5297818,0.65271723
14,0.6,0.6,0.9090958,0.65271723,0.52207315
9,0.3,0.6,0.9090958,0.52207315,0.5571262
8,0.3,0.6,0.9090958,0.5571262,0.5798565
11,0.6,0.6,0.9090958,0.5798565,0.55625623
12,0.6,0.6,0.9090958,0.55625623,0.54211175
11,0.6,0.6,0.9090958,0.54211175,0.5525357
16,0.9,0.6,0.9090958,0.5525357,0.5223694
13,0.6,0.6,0.9090958,0.5223694,0.5289559
8,0.3,0.6,0.9090958,0.5289559,0.57797873
7,0.3,0.6,0.9090958,0.57797873,0.5928425
10,0.3,0.6,0.9090958,0.5928425,0.54246545
7,0.3,0.6,0.9090958,0.54246545,0.59502494
11,0.6,0.6,0.9090958,0.59502494,0.55468994
9,0.3,0.6,0.9090958,0.55468994,0.5611452
6,0.3,0.6,0.9090958,0.5611452,0.6052224
8,0.3,0.6,0.9090958,0.6052224,0.57881516
8,0.3,0.6,0.9090958,0.57881516,0.57243264
11,0.6,0.6,0.9090958,0.57243264,0.55396235
10,0.3,0.6,0.9090958,0.55396235,0.54455274
9,0.3,0.6,0.9090958,0.54455274,0.56145215
10,0.3,0.6,0.9090958,0.56145215,0.54451823
8,0.3,0.6,0.9090958,0.54451823,0.5774105
4,0.9,0.6,0.9090958,0.5774105,0.6577276
6,0.3,0.6,0.9090958,0.6577276,0.60063237
16,0.9,0.6,0.9090958,0.60063237,0.5166124
16,0.9,0.6,0.9090958,0.5166124,0.5238227
12,0.6,0.6,0.9090958,0.5238227,0.5371311
18,0.9,0.6,0.9090958,0.5371311,0.5010302
4,0.9,0.6,0.9090958,0.5010302,0.64384836
11,0.6,0.6,0.9090958,0.64384836,0.5584332
12,0.6,0.6,0.9090958,0.5584332,0.53729135
13,0.6,0.6,0.9090958,0.53729135,0.5289458
19,0.9,0.6,0.9090958,0.5289458,0.4989375
10,0.3,0.6,0.9090958,0.4989375,0.5461379
11,0.6,0.6,0.9090958,0.5461379,0.55474377
16,0.9,0.6,0.9090958,0.55474377,0.51942486
6,0.3,0.6,0.9090958,0.51942486,0.59944904
8,0.3,0.6,0.9090958,0.59944904,0.5795171
11,0.6,0.6,0.9090958,0.5795171,0.55252975
4,0.9,0.6,0.9090958,0.55252975,0.65466076
8,0.3,0.6,0.9090958,0.65466076,0.578705
18,0.9,0.6,0.9090958,0.578705,0.50485224
4,0.9,0.6,0.9090958,0.50485224,0.65332663
5,0.3,0.6,0.9090958,0.65332663,0.608706
12,0.6,0.6,0.9090958,0.608706,0.53575987
6,0.3,0.6,0.9090958,0.53575987,0.60276306
7,0.3,0.6,0.9090958,0.60276306,0.58998626
4,0.9,0.6,0.9090958,0.58998626,0.6516211
6,0.3,0.6,0.9090958,0.6516211,0.60489166
6,0.3,0.6,0.9090958,0.60489166,0.6014289
7,0.3,0.6,0.9090958,0.6014289,0.59263265
11,0.6,0.6,0.9090958,0.59263265,0.55523497
8,0.3,0.6,0.9090958,0.55523497,0.5788336
8,0.3,0.6,0.9090958,0.5788336,0.58094764
11,0.6,0.6,0.9090958,0.58094764,0.55845225
8,0.3,0.6,0.9090958,0.55845225,0.57707965
12,0.6,0.6,0.9090958,0.57707965,0.53793496
6,0.3,0.6,0.9090958,0.53793496,0.601208
11,0.6,0.6,0.9090958,0.601208,0.5521027
7,0.3,0.6,0.9090958,0.5521027,0.59258574
17,0.9,0.6,0.9090958,0.59258574,0.5143885
13,0.6,0.6,0.9090958,0.5143885,0.52573895
6,0.3,0.6,0.9090958,0.52573895,0.60173345
17,0.9,0.6,0.9090958,0.60173345,0.5160048
10,0.3,0.6,0.9090958,0.5160048,0.5482567
5,0.3,0.6,0.9090958,0.5482567,0.6083039
4,0.9,0.6,0.9090958,0.6083039,0.6533639
17,0.9,0.6,0.9090958,0.6533639,0.5095887
19,0.9,0.6,0.9090958,0.5095887,0.49613371
11,0.6,0.6,0.9090958,0.49613371,0.5566637
13,0.6,0.6,0.9090958,0.5566637,0.53122187
15,0.6,0.6,0.9090958,0.53122187,0.51737934
5,0.3,0.6,0.9090958,0.51737934,0.6069925
5,0.3,0.6,0.9090958,0.6069925,0.60668254
13,0.6,0.6,0.9090958,0.60668254,0.5268211
10,0.3,0.6,0.9090958,0.5268211,0.5455914
16,0.9,0.6,0.9090958,0.5455914,0.51750684
9,0.3,0.6,0.9090958,0.51750684,0.56165105
14,0.6,0.6,0.9090958,0.56165105,0.5206644
9,0.3,0.6,0.9090958,0.5206644,0.55814785
13,0.6,0.6,0.9090958,0.55814785,0.52400154
6,0.3,0.6,0.9090958,0.52400154,0.60271484
6,0.3,0.6,0.9090958,0.60271484,0.60222113
12,0.6,0.6,0.9090958,0.60222113,0.53773725
10,0.3,0.6,0.9090958,0.53773725,0.54530394
9,0.3,0.6,0.9090958,0.54530394,0.5608259
10,0.3,0.6,0.9090958,0.5608259,0.54682916
5,0.3,0.6,0.9090958,0.54682916,0.60791117
8,0.3,0.6,0.9090958,0.60791117,0.57865524
6,0.3,0.6,0.9090958,0.57865524,0.60156304
16,0.9,0.6,0.9090958,0.60156304,0.51674736
5,0.3,0.6,0.9090958,0.51674736,0.6080411
9,0.3,0.6,0.9090958,0.6080411,0.5610563
8,0.3,0.6,0.9090958,0.5610563,0.575126
9,0.3,0.6,0.9090958,0.575126,0.5588243
17,0.9,0.6,0.9090958,0.5588243,0.5127613
12,0.6,0.6,0.9090958,0.5127613,0.53870565
12,0.6,0.6,0.9090958,0.53870565,0.54221606
18,0.9,0.6,0.9090958,0.54221606,0.50945497
9,0.3,0.6,0.9090958,0.50945497,0.5601743
4,0.9,0.6,0.9090958,0.5601743,0.6479008
15,0.6,0.6,0.9090958,0.6479008,0.51701254
6,0.3,0.6,0.9090958,0.51701254,0.6011655
6,0.3,0.6,0.9090958,0.6011655,0.60132134
9,0.3,0.6,0.9090958,0.60132134,0.56273675
5,0.3,0.6,0.9090958,0.56273675,0.6065386
7,0.3,0.6,0.9090958,0.6065386,0.5917835
9,0.3,0.6,0.9090958,0.5917835,0.5591992
6,0.3,0.6,0.9090958,0.5591992,0.6018207
6,0.3,0.6,0.9090958,0.6018207,0.6054126
13,0.6,0.6,0.9090958,0.6054126,0.52669466
17,0.9,0.6,0.9090958,0.52669466,0.5076687
4,0.9,0.6,0.9090958,0.5076687,0.64969736
5,0.3,0.6,0.9090958,0.64969736,0.6077801
6,0.3,0.6,0.9090958,0.6077801,0.6007253
14,0.6,0.6,0.9090958,0.6007253,0.52430946
7,0.3,0.6,0.9090958,0.52430946,0.59564126
7,0.3,0.6,0.9090958,0.59564126,0.5930338
11,0.6,0.6,0.9090958,0.5930338,0.5559582
14,0.6,0.6,0.9090958,0.5559582,0.5201084
18,0.9,0.6,0.9090958,0.5201084,0.50338155
9,0.3,0.6,0.9090958,0.50338155,0.5580978
18,0.9,0.6,0.9090958,0.5580978,0.5035136
10,0.3,0.6,0.9090958,0.5035136,0.5455054
12,0.6,0.6,0.9090958,0.5455054,0.54104376
4,0.9,0.6,0.9090958,0.54104376,0.6366819
11,0.6,0.6,0.9090958,0.6366819,0.5545989
13,0.6,0.6,0.9090958,0.5545989,0.5280153
11,0.6,0.6,0.9090958,0.5280153,0.55217975
13,0.6,0.6,0.9090958,0.55217975,0.52449834
9,0.3,0.6,0.9090958,0.52449834,0.56103384
18,0.9,0.6,0.9090958,0.56103384,0.50614977
6,0.3,0.6,0.9090958,0.50614977,0.6005147
8,0.3,0.6,0.9090958,0.6005147,0.57830083
8,0.3,0.6,0.9090958,0.57830083,0.5781256
13,0.6,0.6,0.9090958,0.5781256,0.52740973
19,0.9,0.6,0.9090958,0.52740973,0.49820036
7,0.3,0.6,0.9090958,0.49820036,0.5918403
9,0.3,0.6,0.9090958,0.5918403,0.5648034
10,0.3,0.6,0.9090958,0.5648034,0.5463456
19,0.9,0.6,0.9090958,0.5463456,0.49419487
18,0.9,0.6,0.9090958,0.49419487,0.5064573
7,0.3,0.6,0.9090958,0.5064573,0.5932876
6,0.3,0.6,0.9090958,0.5932876,0.60259545
10,0.3,0.6,0.9090958,0.60259545,0.5461728
10,0.3,0.6,0.9090958,0.5461728,0.54767054
14,0.6,0.6,0.9090958,0.54767054,0.52131623
16,0.9,0.6,0.9090958,0.52131623,0.51730573
19,0.9,0.6,0.9090958,0.51730573,0.49297056
15,0.6,0.6,0.9090958,0.49297056,0.51715106
12,0.6,0.6,0.9090958,0.51715106,0.5382541
7,0.3,0.6,0.9090958,0.5382541,0.5925607
17,0.9,0.6,0.9090958,0.5925607,0.512143
12,0.6,0.6,0.9090958,0.512143,0.5359746
13,0.6,0.6,0.9090958,0.5359746,0.5298025
17,0.9,0.6,0.9090958,0.5298025,0.51002306
15,0.6,0.6,0.9090958,0.51002306,0.5165251
10,0.3,0.6,0.9090958,0.5165251,0.54473716
4,0.9,0.6,0.9090958,0.54473716,0.6561998
8,0.3,0.6,0.9090958,0.6561998,0.5773824
8,0.3,0.6,0.9090958,0.5773824,0.57751167
4,0.9,0.6,0.9090958,0.57751167,0.65628475
11,0.6,0.6,0.9090958,0.65628475,0.5528095
13,0.6,0.6,0.9090958,0.5528095,0.5249036
14,0.6,0.6,0.9090958,0.5249036,0.52486765
12,0.6,0.6,0.9090958,0.52486765,0.5369672
5,0.3,0.6,0.9090958,0.5369672,0.608116
17,0.9,0.6,0.9090958,0.608116,0.5131043
16,0.9,0.6,0.9090958,0.5131043,0.5191454
18,0.9,0.6,0.9090958,0.5191454,0.5093628
12,0.6,0.6,0.9090958,0.5093628,0.5384693
9,0.3,0.6,0.9090958,0.5384693,0.56078225
11,0.6,0.6,0.9090958,0.56078225,0.5526293
4,0.9,0.6,0.9090958,0.5526293,0.66241395
13,0.6,0.6,0.9090958,0.66241395,0.52817565
4,0.9,0.6,0.9090958,0.52817565,0.65315294
14,0.6,0.6,0.9090958,0.65315294,0.5203662
4,0.9,0.6,0.9090958,0.5203662,0.65384644
14,0.6,0.6,0.9090958,0.65384644,0.52203315
10,0.3,0.6,0.9090958,0.52203315,0.546231
4,0.9,0.6,0.9090958,0.546231,0.65457886
17,0.9,0.6,0.9090958,0.65457886,0.5126672
16,0.9,0.6,0.9090958,0.5126672,0.5186623
14,0.6,0.6,0.9090958,0.5186623,0.52090234
15,0.6,0.6,0.9090958,0.52090234,0.5163273
11,0.6,0.6,0.9090958,0.5163273,0.5541
16,0.9,0.6,0.9090958,0.5541,0.5222235
4,0.9,0.6,0.9090958,0.5222235,0.6402245
5,0.3,0.6,0.9090958,0.6402245,0.6075337
13,0.6,0.6,0.9090958,0.6075337,0.5258832
10,0.3,0.6,0.9090958,0.5258832,0.54421836
15,0.6,0.6,0.9090958,0.54421836,0.51746124
8,0.3,0.6,0.9090958,0.51746124,0.5762923
6,0.3,0.6,0.9090958,0.5762923,0.60320944
4,0.9,0.6,0.9090958,0.60320944,0.6535035
12,0.6,0.6,0.9090958,0.6535035,0.5409575
8,0.3,0.6,0.9090958,0.5409575,0.5748352
15,0.6,0.6,0.9090958,0.5748352,0.5167204
9,0.3,0.6,0.9090958,0.5167204,0.5593824
16,0.9,0.6,0.9090958,0.5593824,0.5203436
4,0.9,0.6,0.9090958,0.5203436,0.65669227
6,0.3,0.6,0.9090958,0.65669227,0.6019461
14,0.6,0.6,0.9090958,0.6019461,0.5242395
18,0.9,0.6,0.9090958,0.5242395,0.5040719
6,0.3,0.6,0.9090958,0.5040719,0.6038449
8,0.3,0.6,0.9090958,0.6038449,0.57866204
5,0.3,0.6,0.9090958,0.57866204,0.6068756
15,0.6,0.6,0.9090958,0.6068756,0.5184615
9,0.3,0.6,0.9090958,0.5184615,0.56094813
11,0.6,0.6,0.9090958,0.56094813,0.5520431
6,0.3,0.6,0.9090958,0.5520431,0.60201544
15,0.6,0.6,0.9090958,0.60201544,0.51179886
9,0.3,0.6,0.9090958,0.51179886,0.5614241
17,0.9,0.6,0.9090958,0.5614241,0.5113457
14,0.6,0.6,0.9090958,0.5113457,0.52396166
18,0.9,0.6,0.9090958,0.52396166,0.5069294
6,0.3,0.6,0.9090958,0.5069294,0.603808
5,0.3,0.6,0.9090958,0.603808,0.60831267
10,0.3,0.6,0.9090958,0.60831267,0.54157716
7,0.3,0.6,0.9090958,0.54157716,0.59270924
14,0.6,0.6,0.9090958,0.59270924,0.5229387
9,0.3,0.6,0.9090958,0.5229387,0.56138194
10,0.3,0.6,0.9090958,0.56138194,0.5510864
17,0.9,0.6,0.9090958,0.5510864,0.5121864
5,0.3,0.6,0.9090958,0.5121864,0.6068643
7,0.3,0.6,0.9090958,0.6068643,0.59217805
6,0.3,0.6,0.9090958,0.59217805,0.60355777
15,0.6,0.6,0.9090958,0.60355777,0.5192219
11,0.6,0.6,0.9090958,0.5192219,0.5530274
5,0.3,0.6,0.9090958,0.5530274,0.60750425
9,0.3,0.6,0.9090958,0.60750425,0.5630448
5,0.3,0.6,0.9090958,0.5630448,0.6076647
13,0.6,0.6,0.9090958,0.6076647,0.52856284
14,0.6,0.6,0.9090958,0.52856284,0.5238187
7,0.3,0.6,0.9090958,0.5238187,0.5954719
10,0.3,0.6,0.9090958,0.5954719,0.5455737
16,0.9,0.6,0.9090958,0.5455737,0.51729393
6,0.3,0.6,0.9090958,0.51729393,0.60218275
14,0.6,0.6,0.9090958,0.60218275,0.5243481
8,0.3,0.6,0.9090958,0.5243481,0.57502764
8,0.3,0.6,0.9090958,0.57502764,0.5778438
4,0.9,0.6,0.9090958,0.5778438,0.6585372
6,0.3,0.6,0.9090958,0.6585372,0.6012393
11,0.6,0.6,0.9090958,0.6012393,0.55174446
10,0.3,0.6,0.9090958,0.55174446,0.54857975
5,0.3,0.6,0.9090958,0.54857975,0.6061175
16,0.9,0.6,0.9090958,0.6061175,0.5179753
16,0.9,0.6,0.9090958,0.5179753,0.5183865
17,0.9,0.6,0.9090958,0.5183865,0.5117774
11,0.6,0.6,0.9090958,0.5117774,0.5534822
6,0.3,0.6,0.9090958,0.5534822,0.6025643
19,0.9,0.6,0.9090958,0.6025643,0.49719685
16,0.9,0.6,0.9090958,0.49719685,0.51624584
15,0.6,0.6,0.9090958,0.51624584,0.5159775
14,0.6,0.6,0.9090958,0.5159775,0.5205738
14,0.6,0.6,0.9090958,0.5205738,0.52266276
10,0.3,0.6,0.9090958,0.52266276,0.54572743
5,0.3,0.6,0.9090958,0.54572743,0.60606223
8,0.3,0.6,0.9090958,0.60606223,0.57727057
5,0.3,0.6,0.9090958,0.57727057,0.6062981
10,0.3,0.6,0.9090958,0.6062981,0.5446068
18,0.9,0.6,0.9090958,0.5446068,0.5062514
19,0.9,0.6,0.9090958,0.5062514,0.49583817
9,0.3,0.6,0.9090958,0.49583817,0.5625125
15,0.6,0.6,0.9090958,0.5625125,0.5161922
19,0.9,0.6,0.9090958,0.5161922,0.4986606
5,0.3,0.6,0.9090958,0.4986606,0.60674566
7,0.3,0.6,0.9090958,0.60674566,0.5946203
7,0.3,0.6,0.9090958,0.5946203,0.5941203
4,0.9,0.6,0.9090958,0.5941203,0.6500129
5,0.3,0.6,0.9090958,0.6500129,0.607989
15,0.6,0.6,0.9090958,0.607989,0.5153809
5,0.3,0.6,0.9090958,0.5153809,0.6054103
4,0.9,0.6,0.9090958,0.6054103,0.65282845
12,0.6,0.6,0.9090958,0.65282845,0.5414145
6,0.3,0.6,0.9090958,0.5414145,0.60427576
10,0.3,0.6,0.9090958,0.60427576,0.54629517
6,0.3,0.6,0.9090958,0.54629517,0.60169995
5,0.3,0.6,0.9090958,0.60169995,0.607344
7,0.3,0.6,0.9090958,0.607344,0.59439737
15,0.3,0.6,0.96103895,0.59439737,nan
